"みっちゃんこみゅ1週間大喜利シーズン３【誰でも参加歓迎】",5,"ちゃんこフォンデュ","file:Screenshot_20250226-1504122.png
ブラックサンタがお仕置きに来ました、どんなお仕置きをした？",1,"きとくん","会社の人とイオンで会う",32,,"マッチョッチョ","1","人さらい","1","ちゃんこフォンデュ","0","✨( ͡° ͜ʖ ͡°)","0","ふかし","3","鹿","2","緑髪のカカオ","1","まぐろ","2","片田舎のゴリラ","1","いりぽん","2","バリー","1","うた","1","だいち","1","KYNA","1","ガゾーサ","1","にじまん","1","さいとうただし","1","坊っちゃん","2","ヨット丘","1","ヤギの目","1","池谷","1","みっこりん♪","1","ゆきんこ☆","2","ベンチウォーマー","1","パンケーキ大好き（*＾o＾*）","1","オフィユカス","2"
"みっちゃんこみゅ1週間大喜利シーズン３【誰でも参加歓迎】",5,"ちゃんこフォンデュ","file:Screenshot_20250226-1504122.png
ブラックサンタがお仕置きに来ました、どんなお仕置きをした？",2,"池谷","乾電池がいっぱい必要なおもちゃだ",30,,"マッチョッチョ","2","まお","0","ともくん@黒いAC","1","ヨット丘","1","ぶいあーる","1","梅雨にいるタイプの甘味成分","1","片田舎のゴリラ","1","いりぽん","1","僕とあなたで作る世界","1","テリー","3","バリー","1","三つ巴","1","極上のポケサーハンター🐮","1","さいとうただし","1","ライト","2","ff","1","坊っちゃん","1","ぴぅーぴぅーボンバー","1","示","1","ヤギの目","1","みっこりん♪","1","うーちゃん＠狼","1","ゆきんこ☆","1","ベンチウォーマー","1","しゃぼん亭","1","たんけだ","1","オフィユカス","1"
"みっちゃんこみゅ1週間大喜利シーズン３【誰でも参加歓迎】",5,"ちゃんこフォンデュ","file:Screenshot_20250226-1504122.png
ブラックサンタがお仕置きに来ました、どんなお仕置きをした？",3,"しゃぼん亭","ベッドに入ってきて、破裂した",29,,"ぽこちんすまっしゅ","1","まお","1","マッチョッチョ","1","ちゃんこフォンデュ","1","ふかし","2","SSP","1","ねこたろ","1","松田栄作","1","まぐろ","1","梅雨にいるタイプの甘味成分","1","ばぶ","1","バリー","1","うた","1","三つ巴","1","ライト","1","ヨット丘","1","坊っちゃん","1","ぴぅーぴぅーボンバー","1","示","2","空タイ","1","ヤギの目","1","みっこりん♪","1","ベンチウォーマー","1","たんけだ","1","レキシ","3"
"みっちゃんこみゅ1週間大喜利シーズン３【誰でも参加歓迎】",5,"ちゃんこフォンデュ","file:Screenshot_20250226-1504122.png
ブラックサンタがお仕置きに来ました、どんなお仕置きをした？",4,"坊っちゃん","何も添えずに爪を切り始めた",17,,"ちゃんこフォンデュ","1","ぶいあーる","1","鹿","2","僕とあなたで作る世界","1","テリー","3","きとくん","1","さいとうただし","1","空タイ","1","池谷","1","ハンペ","1","ベンチウォーマー","1","しゃぼん亭","1","パンケーキ大好き（*＾o＾*）","1","ヨット丘","1"
"みっちゃんこみゅ1週間大喜利シーズン３【誰でも参加歓迎】",5,"ちゃんこフォンデュ","file:Screenshot_20250226-1504122.png
ブラックサンタがお仕置きに来ました、どんなお仕置きをした？",5,"ff","頭を固定して、水滴を一滴ずつ頭に落とす",16,,"人さらい","1","ねこたろ","1","梅雨にいるタイプの甘味成分","1","片田舎のゴリラ","1","白黒くま","2","バリー","1","きとくん","1","KYNA","1","ガゾーサ","1","にじまん","1","ライト","1","空タイ","0","ヤギの目","1","ハンペ","1","オフィユカス","2"
"みっちゃんこみゅ1週間大喜利シーズン３【誰でも参加歓迎】",5,"ちゃんこフォンデュ","file:Screenshot_20250226-1504122.png
ブラックサンタがお仕置きに来ました、どんなお仕置きをした？",6,"ガゾーサ","腎臓を一個もらうよ
悪い子の腎臓一個が良い子のおもちゃ５０００人分になるんだよ",15,,"まお","2","ちゃんこフォンデュ","0","✨( ͡° ͜ʖ ͡°)","0","ぶいあーる","1","SSP","1","レキシ","1","ねこたろ","1","お客さん","1","黄泉入りテレビ","1","うた","0","だいち","1","しらなみ","1","inbardar","1","ff","1","ぴぅーぴぅーボンバー","1","みっこりん♪","0","ベンチウォーマー","1","しゃぼん亭","1"
"みっちゃんこみゅ1週間大喜利シーズン３【誰でも参加歓迎】",5,"ちゃんこフォンデュ","file:Screenshot_20250226-1504122.png
ブラックサンタがお仕置きに来ました、どんなお仕置きをした？",7,"ちゃんこフォンデュ","ラテアートを乗っ取って浮き出てくる",15,,"ヨット丘","2","まぐろ","2","片田舎のゴリラ","1","バリー","2","きとくん","1","KYNA","1","さいとうただし","2","ライト","1","ff","1","示","0","ヤギの目","1","池谷","0","ベンチウォーマー","0","パンケーキ大好き（*＾o＾*）","1"
"みっちゃんこみゅ1週間大喜利シーズン３【誰でも参加歓迎】",5,"ちゃんこフォンデュ","file:Screenshot_20250226-1504122.png
ブラックサンタがお仕置きに来ました、どんなお仕置きをした？",8,"バリー","起きたらツリーの飾りが全部ファスナーの天ぷらに変わってた",15,,"人さらい","1","ちゃんこフォンデュ","2","✨( ͡° ͜ʖ ͡°)","2","お客さん","1","うた","2","三つ巴","2","inbardar","1","空タイ","1","みっこりん♪","1","ハンペ","1","たんけだ","1"
"みっちゃんこみゅ1週間大喜利シーズン３【誰でも参加歓迎】",5,"ちゃんこフォンデュ","file:Screenshot_20250226-1504122.png
ブラックサンタがお仕置きに来ました、どんなお仕置きをした？",9,"片田舎のゴリラ","似合わない方の服を褒める",14,,"ぶいあーる","1","お客さん","1","いりぽん","1","テリー","1","うた","1","にじまん","2","ライト","2","坊っちゃん","1","ヤギの目","1","池谷","1","ベンチウォーマー","1","オフィユカス","1"
"みっちゃんこみゅ1週間大喜利シーズン３【誰でも参加歓迎】",5,"ちゃんこフォンデュ","file:Screenshot_20250226-1504122.png
ブラックサンタがお仕置きに来ました、どんなお仕置きをした？",10,"いりぽん","黒もお似合いですねって言うまで帰らない",14,,"マッチョッチョ","1","✨( ͡° ͜ʖ ͡°)","1","お客さん","1","鹿","1","白黒くま","3","ガゾーサ","1","しらなみ","1","コナイチロー","1","ライト","1","ヨット丘","1","うーちゃん＠狼","1","たんけだ","1"
"みっちゃんこみゅ1週間大喜利シーズン３【誰でも参加歓迎】",5,"ちゃんこフォンデュ","file:Screenshot_20250226-1504122.png
ブラックサンタがお仕置きに来ました、どんなお仕置きをした？",11,"空タイ","玄関を叩きながら玄関を開けろと騒ぐ",13,,"ぽこちんすまっしゅ","1","ちゃんこフォンデュ","0","ふかし","2","✨( ͡° ͜ʖ ͡°)","1","レキシ","1","まぐろ","0","僕とあなたで作る世界","1","きとくん","2","ガゾーサ","1","にじまん","1","ff","1","ハンペ","1","しゃぼん亭","1"
"みっちゃんこみゅ1週間大喜利シーズン３【誰でも参加歓迎】",5,"ちゃんこフォンデュ","file:Screenshot_20250226-1504122.png
ブラックサンタがお仕置きに来ました、どんなお仕置きをした？",12,"テリー","渾身のラブレターに勝手に渋柿を添えた",13,,"マッチョッチョ","0","ねこたろ","1","松田栄作","1","鹿","1","いりぽん","1","うた","1","三つ巴","2","だいち","1","示","1","池谷","0","みっこりん♪","0","ベンチウォーマー","2","パンケーキ大好き（*＾o＾*）","1","たんけだ","1"
"みっちゃんこみゅ1週間大喜利シーズン３【誰でも参加歓迎】",5,"ちゃんこフォンデュ","file:Screenshot_20250226-1504122.png
ブラックサンタがお仕置きに来ました、どんなお仕置きをした？",13,"梅雨にいるタイプの甘味成分","甲殻類アレルギーになり、エビにされる",12,,"マッチョッチョ","0","人さらい","1","まお","0","ヨット丘","1","ぶいあーる","1","松田栄作","1","ばぶ","1","KYNA","1","にじまん","1","inbardar","1","坊っちゃん","1","ヤギの目","1","うーちゃん＠狼","1","オフィユカス","1"
"みっちゃんこみゅ1週間大喜利シーズン３【誰でも参加歓迎】",5,"ちゃんこフォンデュ","file:Screenshot_20250226-1504122.png
ブラックサンタがお仕置きに来ました、どんなお仕置きをした？",14,"さいとうただし","朝起きたらこのじじいの残り香がただよってる",12,,"ともくん@黒いAC","1","✨( ͡° ͜ʖ ͡°)","0","SSP","1","松田栄作","1","まぐろ","0","梅雨にいるタイプの甘味成分","1","きとくん","1","極上のポケサーハンター🐮","2","inbardar","1","ライト","1","ぴぅーぴぅーボンバー","1","池谷","1","オフィユカス","1"
"みっちゃんこみゅ1週間大喜利シーズン３【誰でも参加歓迎】",5,"ちゃんこフォンデュ","file:Screenshot_20250226-1504122.png
ブラックサンタがお仕置きに来ました、どんなお仕置きをした？",15,"✨( ͡° ͜ʖ ͡°)","もらって嬉しかったクリスマスプレゼントを訊いて記憶ごと回収した",12,,"まお","1","ねこたろ","1","ばぶ","1","いりぽん","1","僕とあなたで作る世界","1","うた","0","KYNA","1","ff","1","空タイ","1","みっこりん♪","1","うーちゃん＠狼","1","ベンチウォーマー","1","しゃぼん亭","1"
"みっちゃんこみゅ1週間大喜利シーズン３【誰でも参加歓迎】",5,"ちゃんこフォンデュ","file:Screenshot_20250226-1504122.png
ブラックサンタがお仕置きに来ました、どんなお仕置きをした？",16,"白黒くま","愛用しているコップを盗む",11,,"ふかし","3","片田舎のゴリラ","1","だいち","1","ガゾーサ","1","示","1","ぽこちんすまっしゅ","1","みっこりん♪","1","ハンペ","1","しゃぼん亭","1"
"みっちゃんこみゅ1週間大喜利シーズン３【誰でも参加歓迎】",5,"ちゃんこフォンデュ","file:Screenshot_20250226-1504122.png
ブラックサンタがお仕置きに来ました、どんなお仕置きをした？",17,"うた","膝の皮をスライスして餃子作り",11,,"ぽたち","4","ともくん@黒いAC","1","ちゃんこフォンデュ","0","お客さん","1","黄泉入りテレビ","1","梅雨にいるタイプの甘味成分","1","三つ巴","1","inbardar","1","ハンペ","1"
"みっちゃんこみゅ1週間大喜利シーズン３【誰でも参加歓迎】",5,"ちゃんこフォンデュ","file:Screenshot_20250226-1504122.png
ブラックサンタがお仕置きに来ました、どんなお仕置きをした？",18,"三つ巴","天ぷらシャッフル
（海老なすササミ大葉かぼちゃ→大葉ササミなす海老かぼちゃ）",11,,"まお","1","人さらい","1","ともくん@黒いAC","1","ちゃんこフォンデュ","0","まぐろ","1","片田舎のゴリラ","1","テリー","3","ゆきんこ☆","1","しゃぼん亭","1","たんけだ","1"
"みっちゃんこみゅ1週間大喜利シーズン３【誰でも参加歓迎】",5,"ちゃんこフォンデュ","file:Screenshot_20250226-1504122.png
ブラックサンタがお仕置きに来ました、どんなお仕置きをした？",19,"レキシ","煙突にぴったりのタケノコを挿すともう二度と抜けることはありませんでした",11,,"ちゃんこフォンデュ","1","ねこたろ","1","黄泉入りテレビ","1","まぐろ","0","片田舎のゴリラ","1","僕とあなたで作る世界","1","うた","1","KYNA","1","にじまん","1","示","1","ハンペ","1","しゃぼん亭","1"
"みっちゃんこみゅ1週間大喜利シーズン３【誰でも参加歓迎】",5,"ちゃんこフォンデュ","file:Screenshot_20250226-1504122.png
ブラックサンタがお仕置きに来ました、どんなお仕置きをした？",20,"黄泉入りテレビ","お仕置きをした",11,,"ぽこちんすまっしゅ","4","マッチョッチョ","2","まお","3","ともくん@黒いAC","2","✨( ͡° ͜ʖ ͡°)","0"
"みっちゃんこみゅ1週間大喜利シーズン３【誰でも参加歓迎】",5,"ちゃんこフォンデュ","file:Screenshot_20250226-1504122.png
ブラックサンタがお仕置きに来ました、どんなお仕置きをした？",21,"ライト","トイレから戻ったらポテチ食った手で勝手に漫画読んでる",10,,"ぶいあーる","1","SSP","1","まぐろ","0","梅雨にいるタイプの甘味成分","1","うた","1","しらなみ","1","さいとうただし","1","ぴぅーぴぅーボンバー","1","空タイ","1","パンケーキ大好き（*＾o＾*）","1","オフィユカス","1"
"みっちゃんこみゅ1週間大喜利シーズン３【誰でも参加歓迎】",5,"ちゃんこフォンデュ","file:Screenshot_20250226-1504122.png
ブラックサンタがお仕置きに来ました、どんなお仕置きをした？",22,"ベンチウォーマー","家族に「何もできない黒人」を増やした",10,,"ちゃんこフォンデュ","1","松田栄作","1","きとくん","1","ガゾーサ","1","inbardar","2","坊っちゃん","2","みっこりん♪","1","たんけだ","1"
"みっちゃんこみゅ1週間大喜利シーズン３【誰でも参加歓迎】",5,"ちゃんこフォンデュ","file:Screenshot_20250226-1504122.png
ブラックサンタがお仕置きに来ました、どんなお仕置きをした？",23,"コナイチロー","いらすとやの使用料をたかりに来た",10,,"✨( ͡° ͜ʖ ͡°)","0","ぶいあーる","1","白黒くま","3","ゆきんこ☆","1","しらなみ","1","さいとうただし","1","ぴぅーぴぅーボンバー","1","池谷","0","みっこりん♪","1","ハンペ","1"
"みっちゃんこみゅ1週間大喜利シーズン３【誰でも参加歓迎】",5,"ちゃんこフォンデュ","file:Screenshot_20250226-1504122.png
ブラックサンタがお仕置きに来ました、どんなお仕置きをした？",24,"ゆきんこ☆","「フォッフォッフォ〜」 3000回",9,,"ちゃんこフォンデュ","0","SSP","0","まぐろ","0","梅雨にいるタイプの甘味成分","1","ばぶ","1","片田舎のゴリラ","1","きとくん","1","池谷","1","みっこりん♪","1","うーちゃん＠狼","1","しゃぼん亭","1","パンケーキ大好き（*＾o＾*）","1"
"みっちゃんこみゅ1週間大喜利シーズン３【誰でも参加歓迎】",5,"ちゃんこフォンデュ","file:Screenshot_20250226-1504122.png
ブラックサンタがお仕置きに来ました、どんなお仕置きをした？",25,"ふかし","飼ってる猫とトナカイを交換して帰った",9,,"まお","1","SSP","1","梅雨にいるタイプの甘味成分","1","僕とあなたで作る世界","1","KYNA","1","ぴぅーぴぅーボンバー","1","池谷","1","うーちゃん＠狼","1","たんけだ","1"
"みっちゃんこみゅ1週間大喜利シーズン３【誰でも参加歓迎】",5,"ちゃんこフォンデュ","file:Screenshot_20250226-1504122.png
ブラックサンタがお仕置きに来ました、どんなお仕置きをした？",26,"ヨット丘","海外のくさい缶詰を鼻の近くに置いた",8,,"人さらい","1","ちゃんこフォンデュ","0","極上のポケサーハンター🐮","1","示","1","空タイ","2","池谷","1","うーちゃん＠狼","1","しゃぼん亭","1"
"みっちゃんこみゅ1週間大喜利シーズン３【誰でも参加歓迎】",5,"ちゃんこフォンデュ","file:Screenshot_20250226-1504122.png
ブラックサンタがお仕置きに来ました、どんなお仕置きをした？",27,"みつき*( ・∀・)*","くーりすまーすがことしもやーってくる♪の部分だけを延々と聞かされる",8,,"ちゃんこフォンデュ","2","SSP","1","まぐろ","0","いりぽん","1","ゆきんこ☆","1","ガゾーサ","1","しらなみ","1","空タイ","1"
"みっちゃんこみゅ1週間大喜利シーズン３【誰でも参加歓迎】",5,"ちゃんこフォンデュ","file:Screenshot_20250226-1504122.png
ブラックサンタがお仕置きに来ました、どんなお仕置きをした？",28,"お客さん","醤油とソースの中身を入れ替えた",8,,"ぽこちんすまっしゅ","1","ぶいあーる","1","白黒くま","2","いりぽん","1","だいち","1","極上のポケサーハンター🐮","1","ぴぅーぴぅーボンバー","1"
"みっちゃんこみゅ1週間大喜利シーズン３【誰でも参加歓迎】",5,"ちゃんこフォンデュ","file:Screenshot_20250226-1504122.png
ブラックサンタがお仕置きに来ました、どんなお仕置きをした？",29,"ぽこちんすまっしゅ","飲酒運転の助手席に乗せた",7,,"レキシ","1","ねこたろ","1","松田栄作","1","ばぶ","1","うた","0","みっこりん♪","1","ゆきんこ☆","1","パンケーキ大好き（*＾o＾*）","1"
"みっちゃんこみゅ1週間大喜利シーズン３【誰でも参加歓迎】",5,"ちゃんこフォンデュ","file:Screenshot_20250226-1504122.png
ブラックサンタがお仕置きに来ました、どんなお仕置きをした？",30,"ぴぅーぴぅーボンバー","ロボトミー手術",7,,"人さらい","3","きとくん","1","しらなみ","1","ff","1","レキシ","1"
"みっちゃんこみゅ1週間大喜利シーズン３【誰でも参加歓迎】",5,"ちゃんこフォンデュ","file:Screenshot_20250226-1504122.png
ブラックサンタがお仕置きに来ました、どんなお仕置きをした？",31,"マッチョッチョ","狙撃",7,,"松田栄作","1","まぐろ","0","きとくん","1","さいとうただし","1","坊っちゃん","1","ヤギの目","2","ぽこちんすまっしゅ","1"
"みっちゃんこみゅ1週間大喜利シーズン３【誰でも参加歓迎】",5,"ちゃんこフォンデュ","file:Screenshot_20250226-1504122.png
ブラックサンタがお仕置きに来ました、どんなお仕置きをした？",32,"うーちゃん＠狼","足がぶら下げた靴下にフィットするサイズになるまでトナカイに舐めさせる",7,,"ちゃんこフォンデュ","1","✨( ͡° ͜ʖ ͡°)","1","ぶいあーる","2","まぐろ","1","梅雨にいるタイプの甘味成分","1","片田舎のゴリラ","1","うた","0"
"みっちゃんこみゅ1週間大喜利シーズン３【誰でも参加歓迎】",5,"ちゃんこフォンデュ","file:Screenshot_20250226-1504122.png
ブラックサンタがお仕置きに来ました、どんなお仕置きをした？",33,"ねこたろ","自分の持ち物に黒い指紋が付くようになる",7,,"ともくん@黒いAC","1","梅雨にいるタイプの甘味成分","1","バリー","1","だいち","1","ガゾーサ","1","池谷","1","うーちゃん＠狼","1"
"みっちゃんこみゅ1週間大喜利シーズン３【誰でも参加歓迎】",5,"ちゃんこフォンデュ","file:Screenshot_20250226-1504122.png
ブラックサンタがお仕置きに来ました、どんなお仕置きをした？",34,"ヤギの目","道に迷った外国人が間違えて家に入ってくる",7,,"✨( ͡° ͜ʖ ͡°)","1","SSP","1","片田舎のゴリラ","1","みつき*( ・∀・)*","1","だいち","1","ガゾーサ","1","にじまん","1"
"みっちゃんこみゅ1週間大喜利シーズン３【誰でも参加歓迎】",5,"ちゃんこフォンデュ","file:Screenshot_20250226-1504122.png
ブラックサンタがお仕置きに来ました、どんなお仕置きをした？",35,"オフィユカス","おじさんを馬鹿にした子供におじさん汁をプレゼントした",7,,"お客さん","1","まぐろ","0","バリー","2","うた","0","三つ巴","1","だいち","2","空タイ","1","池谷","0"
"みっちゃんこみゅ1週間大喜利シーズン３【誰でも参加歓迎】",5,"ちゃんこフォンデュ","file:Screenshot_20250226-1504122.png
ブラックサンタがお仕置きに来ました、どんなお仕置きをした？",36,"飯食い金玉","仏壇を空にしたあと干す",7,,"ちゃんこフォンデュ","1","ねこたろ","1","まぐろ","1","いりぽん","1","僕とあなたで作る世界","1","うた","1","空タイ","0","オフィユカス","1"
"みっちゃんこみゅ1週間大喜利シーズン３【誰でも参加歓迎】",5,"ちゃんこフォンデュ","file:Screenshot_20250226-1504122.png
ブラックサンタがお仕置きに来ました、どんなお仕置きをした？",37,"ぼんちゃぁん","雪崩式ブレーンバスター",7,,"ともくん@黒いAC","1","レキシ","1","ぴぅーぴぅーボンバー","1","極上のポケサーハンター🐮","3","ff","1"
"みっちゃんこみゅ1週間大喜利シーズン３【誰でも参加歓迎】",5,"ちゃんこフォンデュ","file:Screenshot_20250226-1504122.png
ブラックサンタがお仕置きに来ました、どんなお仕置きをした？",38,"みっこりん♪","雑な美容整形",7,,"マッチョッチョ","1","お客さん","1","僕とあなたで作る世界","1","ゆきんこ☆","2","しらなみ","1","ベンチウォーマー","0","たんけだ","1"
"みっちゃんこみゅ1週間大喜利シーズン３【誰でも参加歓迎】",5,"ちゃんこフォンデュ","file:Screenshot_20250226-1504122.png
ブラックサンタがお仕置きに来ました、どんなお仕置きをした？",39,"まお","ベイブレードをこち亀に出てくる両津改造ベーゴマに変えた",6,,"ちゃんこフォンデュ","0","ねこたろ","1","松田栄作","1","バリー","1","ff","1","空タイ","1","ベンチウォーマー","1"
"みっちゃんこみゅ1週間大喜利シーズン３【誰でも参加歓迎】",5,"ちゃんこフォンデュ","file:Screenshot_20250226-1504122.png
ブラックサンタがお仕置きに来ました、どんなお仕置きをした？",40,"にじまん","ク↑リ↓スマスの発音が正しいことにされる",6,,"マッチョッチョ","1","鹿","2","まぐろ","1","ぱんぴー","1","うた","1","空タイ","0","池谷","0"
"みっちゃんこみゅ1週間大喜利シーズン３【誰でも参加歓迎】",5,"ちゃんこフォンデュ","file:Screenshot_20250226-1504122.png
ブラックサンタがお仕置きに来ました、どんなお仕置きをした？",41,"SSP","プレゼント持って来たと思ったら部屋のドレッサーを持っていったの",6,,"✨( ͡° ͜ʖ ͡°)","0","松田栄作","1","黄泉入りテレビ","1","僕とあなたで作る世界","1","さいとうただし","1","ff","1","示","1"
"みっちゃんこみゅ1週間大喜利シーズン３【誰でも参加歓迎】",5,"ちゃんこフォンデュ","file:Screenshot_20250226-1504122.png
ブラックサンタがお仕置きに来ました、どんなお仕置きをした？",42,"12時前のシン・キゲキ","SNSアカウントのプロフ画像、スタンプ、ユーザー名が屁妖怪になる。",5,,"ヨット丘","1","✨( ͡° ͜ʖ ͡°)","0","まぐろ","0","僕とあなたで作る世界","1","池谷","1","ハンペ","2"
"みっちゃんこみゅ1週間大喜利シーズン３【誰でも参加歓迎】",5,"ちゃんこフォンデュ","file:Screenshot_20250226-1504122.png
ブラックサンタがお仕置きに来ました、どんなお仕置きをした？",43,"人さらい","バックドロップ",5,,"✨( ͡° ͜ʖ ͡°)","0","お客さん","1","極上のポケサーハンター🐮","1","ff","1","示","1","うーちゃん＠狼","1"
"みっちゃんこみゅ1週間大喜利シーズン３【誰でも参加歓迎】",5,"ちゃんこフォンデュ","file:Screenshot_20250226-1504122.png
ブラックサンタがお仕置きに来ました、どんなお仕置きをした？",44,"たんけだ","ぶん殴られました。
夜、物音の方向にライトを向けた瞬間、強烈なアッパーを受け私は家の屋根を突き破り上空へ吹っ飛んでいった。
飛ばされるスピードは落ちるどころか加速していく。何故か。そう放屁による加速。その姿、まさにオナラの流れ星。
勢いは落ちることなく宇宙が近づく。同時に頭の中で言葉のビッグバンが起こる「宇宙に近づき生まれる恐怖心、そんな私に誰もが無関心、それを皆が認める理不尽」
これが宇宙ラップなのは言うまでもない。

宇宙に放り出された後、私は最後の力を振り絞り近くの惑星に着地した。
そこは私の故郷と何もかもが違い、とってもエッチだった。

オナラの流れ星、宇宙ラップ、惑星のエッチ度、全てが私を人として成長させた。

ブラックサンタに殴られたという「お仕置き」は、もしかしたら人として成長する為の「プレゼント」...
だったのかもしれませんね",5,,"マッチョッチョ","0","ちゃんこフォンデュ","0","✨( ͡° ͜ʖ ͡°)","1","レキシ","1","SSP","0","黄泉入りテレビ","1","いりぽん","1","ライト","1","ぴぅーぴぅーボンバー","0","空タイ","0"
"みっちゃんこみゅ1週間大喜利シーズン３【誰でも参加歓迎】",5,"ちゃんこフォンデュ","file:Screenshot_20250226-1504122.png
ブラックサンタがお仕置きに来ました、どんなお仕置きをした？",45,"ぽたち","荒塩塗り塗り",5,,"マッチョッチョ","1","ともくん@黒いAC","2","まぐろ","1","inbardar","1","空タイ","0"
"みっちゃんこみゅ1週間大喜利シーズン３【誰でも参加歓迎】",5,"ちゃんこフォンデュ","file:Screenshot_20250226-1504122.png
ブラックサンタがお仕置きに来ました、どんなお仕置きをした？",46,"希望のネコ丸","ブラックサンタの正体はパパだよ。ちなみに本物のサンタさんもパパだよ。",5,,"✨( ͡° ͜ʖ ͡°)","1","まぐろ","0","ガゾーサ","1","示","1","ヤギの目","1","池谷","1","うーちゃん＠狼","0"
"みっちゃんこみゅ1週間大喜利シーズン３【誰でも参加歓迎】",5,"ちゃんこフォンデュ","file:Screenshot_20250226-1504122.png
ブラックサンタがお仕置きに来ました、どんなお仕置きをした？",47,"だいち","右ストレートでぶっとばす
真っすぐいってぶっとばす
右ストレートでぶっとばす
真っすぐいってぶっとばす
右ストレートでぶっとばす
真っすぐいってぶっとばす
右ストレートでぶっとばす
真っすぐいってぶっとばす
右ストレートでぶっとばす
真っすぐいってぶっとばす
右ストレートでぶっとばす
真っすぐいってぶっとばす",4,,"まお","1","ちゃんこフォンデュ","0","お客さん","1","黄泉入りテレビ","1","ゆきんこ☆","1"
"みっちゃんこみゅ1週間大喜利シーズン３【誰でも参加歓迎】",5,"ちゃんこフォンデュ","file:Screenshot_20250226-1504122.png
ブラックサンタがお仕置きに来ました、どんなお仕置きをした？",48,"パンケーキ大好き（*＾o＾*）","クリスマスケーキ予約のノルマを達成できないバイトに自腹購入させる店長をとっちめた後、
コンビニチェーン本部に突入し管理職以上を一掃。
最後にケーキを自腹購入したバイトに、困った時は身近な信頼できる人か労基に相談するよう説教。",4,,"ちゃんこフォンデュ","0","✨( ͡° ͜ʖ ͡°)","0","レキシ","1","松田栄作","1","黄泉入りテレビ","1","しらなみ","1"
"みっちゃんこみゅ1週間大喜利シーズン３【誰でも参加歓迎】",5,"ちゃんこフォンデュ","file:Screenshot_20250226-1504122.png
ブラックサンタがお仕置きに来ました、どんなお仕置きをした？",49,"ぶいあーる","サンタクロースなんぞおるわけないやろ！！！！！！！！！！！！！",4,,"マッチョッチョ","0","✨( ͡° ͜ʖ ͡°)","1","ばぶ","1","KYNA","1","ヨット丘","1"
"みっちゃんこみゅ1週間大喜利シーズン３【誰でも参加歓迎】",5,"ちゃんこフォンデュ","file:Screenshot_20250226-1504122.png
ブラックサンタがお仕置きに来ました、どんなお仕置きをした？",50,"示","プレゼント袋の中に回収してきたトナカイのうんちも入ってる",4,,"黄泉入りテレビ","1","ぱんぴー","1","inbardar","1","ぴぅーぴぅーボンバー","1"
"みっちゃんこみゅ1週間大喜利シーズン３【誰でも参加歓迎】",5,"ちゃんこフォンデュ","file:Screenshot_20250226-1504122.png
ブラックサンタがお仕置きに来ました、どんなお仕置きをした？",51,"しらなみ","パパを殺した…

これで明日から僕とママは殴られずに済む
ありがとうブラックサンタ",4,,"ちゃんこフォンデュ","0","✨( ͡° ͜ʖ ͡°)","0","SSP","1","黄泉入りテレビ","1","inbardar","1","坊っちゃん","1","うーちゃん＠狼","0"
"みっちゃんこみゅ1週間大喜利シーズン３【誰でも参加歓迎】",5,"ちゃんこフォンデュ","file:Screenshot_20250226-1504122.png
ブラックサンタがお仕置きに来ました、どんなお仕置きをした？",52,"緑髪のカカオ","1週間、サンタコスした阿部寛が
耳元で「BBIQ BBIQ」と
ボソボソ囁いてくる",4,,"SSP","1","みつき*( ・∀・)*","1","だいち","1","さいとうただし","1"
"みっちゃんこみゅ1週間大喜利シーズン３【誰でも参加歓迎】",5,"ちゃんこフォンデュ","file:Screenshot_20250226-1504122.png
ブラックサンタがお仕置きに来ました、どんなお仕置きをした？",53,"inbardar","1年間勝手に居候してきて来年のクリスマスまでいい子にしてるのかを監視してくる",3,,"鹿","1","KYNA","1","しらなみ","1"
"みっちゃんこみゅ1週間大喜利シーズン３【誰でも参加歓迎】",5,"ちゃんこフォンデュ","file:Screenshot_20250226-1504122.png
ブラックサンタがお仕置きに来ました、どんなお仕置きをした？",54,"僕とあなたで作る世界","逆クリスマスパーティー、ケンタッキーフライドチキンとクリスマスケーキの味が入れ替わる",3,,"ねこたろ","1","ばぶ","1","うた","0","KYNA","1"
"みっちゃんこみゅ1週間大喜利シーズン３【誰でも参加歓迎】",5,"ちゃんこフォンデュ","file:Screenshot_20250226-1504122.png
ブラックサンタがお仕置きに来ました、どんなお仕置きをした？",55,"たけしくん","ケンタッキーを3500円分奢らせる",3,,"三つ巴","2","パンケーキ大好き（*＾o＾*）","1"
"みっちゃんこみゅ1週間大喜利シーズン３【誰でも参加歓迎】",5,"ちゃんこフォンデュ","file:Screenshot_20250226-1504122.png
ブラックサンタがお仕置きに来ました、どんなお仕置きをした？",56,"まぐろ","ボールではなくお尻を蹴っていたので笛を吹きにきた",2,,"ちゃんこフォンデュ","0","パンケーキ大好き（*＾o＾*）","1","たんけだ","1"
"みっちゃんこみゅ1週間大喜利シーズン３【誰でも参加歓迎】",5,"ちゃんこフォンデュ","file:Screenshot_20250226-1504122.png
ブラックサンタがお仕置きに来ました、どんなお仕置きをした？",57,"ばぶ","定時を過ぎてもサンタの業務を永遠と残業させられる",2,,"極上のポケサーハンター🐮","1","うーちゃん＠狼","1"
"みっちゃんこみゅ1週間大喜利シーズン３【誰でも参加歓迎】",5,"ちゃんこフォンデュ","file:Screenshot_20250226-1504122.png
ブラックサンタがお仕置きに来ました、どんなお仕置きをした？",58,"松田栄作","いいえ、違います。彼は指名手配の泥棒です。見かけたら支給110番をしてくだせい。",2,,"✨( ͡° ͜ʖ ͡°)","0","お客さん","1","しらなみ","1"
"みっちゃんこみゅ1週間大喜利シーズン３【誰でも参加歓迎】",5,"ちゃんこフォンデュ","file:Screenshot_20250226-1504122.png
ブラックサンタがお仕置きに来ました、どんなお仕置きをした？",59,"お客さん","「ちょっと聞いて、昨日来た黒いサンタが役場に放火したんですって」
「あらやだイヤね〜もう」
「ホント、こんなじゃ安心してこどもも寝かせれないわ」








「ほう、貴様らも消し炭にしてやろうか？」",2,,"✨( ͡° ͜ʖ ͡°)","0","SSP","1","黄泉入りテレビ","1"
"みっちゃんこみゅ1週間大喜利シーズン３【誰でも参加歓迎】",5,"ちゃんこフォンデュ","file:Screenshot_20250226-1504122.png
ブラックサンタがお仕置きに来ました、どんなお仕置きをした？",60,"睡眠不足","赤字帳簿を黒字に書き換えた",2,,"マッチョッチョ","0","にじまん","1","パンケーキ大好き（*＾o＾*）","1"
"みっちゃんこみゅ1週間大喜利シーズン３【誰でも参加歓迎】",5,"ちゃんこフォンデュ","file:Screenshot_20250226-1504122.png
ブラックサンタがお仕置きに来ました、どんなお仕置きをした？",61,"ナルト","ビリビリ椅子",2,,"ぽこちんすまっしゅ","1","人さらい","1","ちゃんこフォンデュ","0"
"みっちゃんこみゅ1週間大喜利シーズン３【誰でも参加歓迎】",5,"ちゃんこフォンデュ","file:Screenshot_20250226-1504122.png
ブラックサンタがお仕置きに来ました、どんなお仕置きをした？",62,"鹿","家計簿の赤字が、いつのまにか黒字に",1,,"コナイチロー","1"
"みっちゃんこみゅ1週間大喜利シーズン３【誰でも参加歓迎】",5,"ちゃんこフォンデュ","file:Screenshot_20250226-1504122.png
ブラックサンタがお仕置きに来ました、どんなお仕置きをした？",63,"KYNA","かじって歯型のついたブラックサンダー(むき出し)を枕元にそっと",1,,"ぱんぴー","1","ぴぅーぴぅーボンバー","0"
"みっちゃんこみゅ1週間大喜利シーズン３【誰でも参加歓迎】",5,"ちゃんこフォンデュ","file:Screenshot_20250226-1504122.png
ブラックサンタがお仕置きに来ました、どんなお仕置きをした？",64,"kyouko","枕元の靴下を真っ黒に染めた",1,,"にじまん","1","ぴぅーぴぅーボンバー","0","池谷","0"
"みっちゃんこみゅ1週間大喜利シーズン３【誰でも参加歓迎】",5,"ちゃんこフォンデュ","file:Screenshot_20250226-1504122.png
ブラックサンタがお仕置きに来ました、どんなお仕置きをした？",65,"池谷の母","ホワイトサンタにお歯黒攻撃！",1,,"鹿","1"
"みっちゃんこみゅ1週間大喜利シーズン３【誰でも参加歓迎】",6,"ちゃんこフォンデュ","お母さんが一ヶ月ずっと同じメニューを夕飯に出しています。その理由は？",1,"坊っちゃん","お母さんはペ・ヨンジュン大好き
お母さんのペ・ヨンジュン大好き定食",30,,"ちゃんこフォンデュ","1","みっこりん♪","1","人さらい","2","ふかし","4","たたみん","1","いりぽん","1","お客さん","0","SSP","1","示","1","まお","1","マッチョッチョ","2","ゆきのふるまち","2","パンケーキ大好き（*＾o＾*）","1","✨( ͡° ͜ʖ ͡°)","1","笑うモールス信号","1","僕とあなたで作る世界","1","三つ巴","2","西瓜","1","池谷","1","にじまん","1","TOEIC5点","2","たんけだ","1","ベンチウォーマー","1"
"みっちゃんこみゅ1週間大喜利シーズン３【誰でも参加歓迎】",6,"ちゃんこフォンデュ","お母さんが一ヶ月ずっと同じメニューを夕飯に出しています。その理由は？",2,"✨( ͡° ͜ʖ ͡°)","方向キーが効かない",25,,"みっこりん♪","1","ちゃんこフォンデュ","1","きとくん","1","KYNA","1","まぐろ","0","睡眠不足","1","ばぶ","1","いりぽん","1","みつき*","1","うーちゃん＠狼","0","いちばち","1","示","1","マッチョッチョ","1","テリー","2","パンケーキ大好き（*＾o＾*）","1","ぼんちゃぁん","1","うた","1","ガゾーサ","1","しゃぼん亭","1","三つ巴","1","ライト","1","池谷","0","バリー","2","にじまん","1","空タイ","1","ベンチウォーマー","1"
"みっちゃんこみゅ1週間大喜利シーズン３【誰でも参加歓迎】",6,"ちゃんこフォンデュ","お母さんが一ヶ月ずっと同じメニューを夕飯に出しています。その理由は？",3,"パンケーキ大好き（*＾o＾*）","お魚天国で本当に頭がおかしくなってしまった",24,,"ゆきのふるまち","1","ちゃんこフォンデュ","0","みっこりん♪","2","ヨット丘","1","黄泉入りテレビ","1","SSP","1","示","1","ゆきんこ☆","2","マッチョッチョ","0","さくぼう","1","ぴぅーぴぅーボンバー","1","✨( ͡° ͜ʖ ͡°)","2","kyouko","1","ガゾーサ","1","しゃぼん亭","1","鹿","1","レキシ","1","坊っちゃん","1","ぽこちんすまっしゅ","2","ハンペ","1","たんけだ","1","ねこたろ","1"
"みっちゃんこみゅ1週間大喜利シーズン３【誰でも参加歓迎】",6,"ちゃんこフォンデュ","お母さんが一ヶ月ずっと同じメニューを夕飯に出しています。その理由は？",4,"ふかし","グミを知ってしまった",24,,"みっこりん♪","1","ヨット丘","1","きとくん","2","たたみん","2","いりぽん","1","松田栄作","1","SSP","0","示","1","ぴぅーぴぅーボンバー","1","テリー","1","ゆきのふるまち","1","片田舎のゴリラ","1","ぼんちゃぁん","2","笑うモールス信号","1","バリー","1","うた","2","三つ巴","1","ライト","1","にじまん","1","たんけだ","1","ベンチウォーマー","1"
"みっちゃんこみゅ1週間大喜利シーズン３【誰でも参加歓迎】",6,"ちゃんこフォンデュ","お母さんが一ヶ月ずっと同じメニューを夕飯に出しています。その理由は？",5,"ともくん@黒いAC","だってお尻の形も一ヶ月同じでしょ",22,,"ゆきのふるまち","1","レキシ","1","ちゃんこフォンデュ","2","ヨット丘","1","まぐろ","1","たたみん","1","お客さん","0","SSP","0","示","1","まお","2","さくぼう","1","ぴぅーぴぅーボンバー","1","テリー","1","片田舎のゴリラ","1","うた","1","しゃぼん亭","1","三つ巴","1","空タイ","1","たんけだ","1","ベンチウォーマー","3"
"みっちゃんこみゅ1週間大喜利シーズン３【誰でも参加歓迎】",6,"ちゃんこフォンデュ","お母さんが一ヶ月ずっと同じメニューを夕飯に出しています。その理由は？",6,"片田舎のゴリラ","松屋だけで生きていける子にしたい",21,,"みっこりん♪","1","人さらい","1","ふかし","2","たたみん","1","SSP","1","きとくん","1","梅雨にいるタイプの甘味成分","1","ゆきんこ☆","0","バリー","1","僕とあなたで作る世界","1","池谷の母","2","うた","0","しゃぼん亭","1","鹿","3","池谷","1","空タイ","2","たんけだ","1","ベンチウォーマー","1"
"みっちゃんこみゅ1週間大喜利シーズン３【誰でも参加歓迎】",6,"ちゃんこフォンデュ","お母さんが一ヶ月ずっと同じメニューを夕飯に出しています。その理由は？",7,"みっこりん♪","うんこの固定",19,,"ちゃんこフォンデュ","1","まぐろ","4","ばぶ","1","いりぽん","2","黄泉入りテレビ","0","さくぼう","1","人さらい","2","ゆきのふるまち","2","梅雨にいるタイプの甘味成分","1","片田舎のゴリラ","1","僕とあなたで作る世界","1","しゃぼん亭","1","三つ巴","1","坊っちゃん","1"
"みっちゃんこみゅ1週間大喜利シーズン３【誰でも参加歓迎】",6,"ちゃんこフォンデュ","お母さんが一ヶ月ずっと同じメニューを夕飯に出しています。その理由は？",8,"三つ巴","春はいくら煮ても煮たりない",18,,"レキシ","1","ちゃんこフォンデュ","0","きとくん","1","いりぽん","1","お客さん","1","松田栄作","1","SSP","0","うーちゃん＠狼","1","まお","1","ぴぅーぴぅーボンバー","2","パンケーキ大好き（*＾o＾*）","1","バリー","1","僕とあなたで作る世界","2","にじまん","1","TOEIC5点","2","空タイ","1","ベンチウォーマー","0","ねこたろ","1"
"みっちゃんこみゅ1週間大喜利シーズン３【誰でも参加歓迎】",6,"ちゃんこフォンデュ","お母さんが一ヶ月ずっと同じメニューを夕飯に出しています。その理由は？",9,"池谷","最高効率のベルマークが餃子に付いてる",18,,"ちゃんこフォンデュ","0","きとくん","1","まぐろ","1","SSP","0","うーちゃん＠狼","0","いちばち","1","示","1","テリー","2","パンケーキ大好き（*＾o＾*）","1","うねち","1","梅雨にいるタイプの甘味成分","1","片田舎のゴリラ","1","バリー","2","うた","1","しゃぼん亭","1","三つ巴","1","西瓜","1","飯食い金玉","1","ベンチウォーマー","1"
"みっちゃんこみゅ1週間大喜利シーズン３【誰でも参加歓迎】",6,"ちゃんこフォンデュ","お母さんが一ヶ月ずっと同じメニューを夕飯に出しています。その理由は？",10,"ちゃんこフォンデュ","ハンバーグがスキルレベル上げの経験値効率が一番良い",17,,"いりぽん","1","うーちゃん＠狼","1","おちこんぽ","4","ff","1","✨( ͡° ͜ʖ ͡°)","1","笑うモールス信号","1","ガゾーサ","1","鹿","4","西瓜","1","たんけだ","1","飯食い金玉","1"
"みっちゃんこみゅ1週間大喜利シーズン３【誰でも参加歓迎】",6,"ちゃんこフォンデュ","お母さんが一ヶ月ずっと同じメニューを夕飯に出しています。その理由は？",11,"テリー","後世に残る貝塚を作りたい",15,,"みっこりん♪","1","ちゃんこフォンデュ","0","まぐろ","0","ふかし","1","うーちゃん＠狼","1","マッチョッチョ","0","パンケーキ大好き（*＾o＾*）","1","梅雨にいるタイプの甘味成分","1","片田舎のゴリラ","1","ガゾーサ","1","しゃぼん亭","1","西瓜","1","ライト","2","池谷","1","にじまん","2","ベンチウォーマー","0","ねこたろ","1"
"みっちゃんこみゅ1週間大喜利シーズン３【誰でも参加歓迎】",6,"ちゃんこフォンデュ","お母さんが一ヶ月ずっと同じメニューを夕飯に出しています。その理由は？",12,"きとくん","紀香さんもやってるの",15,,"ちゃんこフォンデュ","0","レキシ","1","人さらい","1","たたみん","2","緑髪のカカオ","1","まお","2","ぴぅーぴぅーボンバー","1","テリー","2","✨( ͡° ͜ʖ ͡°)","0","片田舎のゴリラ","1","笑うモールス信号","1","しゃぼん亭","1","坊っちゃん","2"
"みっちゃんこみゅ1週間大喜利シーズン３【誰でも参加歓迎】",6,"ちゃんこフォンデュ","お母さんが一ヶ月ずっと同じメニューを夕飯に出しています。その理由は？",13,"マッチョッチョ","お前母乳しか飲めないだろうが！！！！！！！",14,,"ちゃんこフォンデュ","1","ヨット丘","1","まぐろ","1","お客さん","1","SSP","1","みつき*","1","緑髪のカカオ","1","うーちゃん＠狼","1","いちばち","2","ぶいあーる","1","✨( ͡° ͜ʖ ͡°)","1","ガゾーサ","1","ハンペ","1","ベンチウォーマー","0"
"みっちゃんこみゅ1週間大喜利シーズン３【誰でも参加歓迎】",6,"ちゃんこフォンデュ","お母さんが一ヶ月ずっと同じメニューを夕飯に出しています。その理由は？",14,"ゆきのふるまち","うどん気持ちいいから",14,,"ちゃんこフォンデュ","0","人さらい","1","きとくん","1","まぐろ","0","たたみん","1","テリー","1","パンケーキ大好き（*＾o＾*）","1","僕とあなたで作る世界","1","うた","2","坊っちゃん","3","TOEIC5点","2","たんけだ","1","ベンチウォーマー","0"
"みっちゃんこみゅ1週間大喜利シーズン３【誰でも参加歓迎】",6,"ちゃんこフォンデュ","お母さんが一ヶ月ずっと同じメニューを夕飯に出しています。その理由は？",15,"飯食い金玉","近くの畑でしいたけが全盛期を向かえてる",14,,"生姜焼きスモーク","1","みっこりん♪","1","KYNA","1","たたみん","1","いりぽん","1","お客さん","1","ライト","1","ぶいあーる","1","マッチョッチョ","1","パンケーキ大好き（*＾o＾*）","1","kyouko","1","バリー","1","たんけだ","1","ねこたろ","1"
"みっちゃんこみゅ1週間大喜利シーズン３【誰でも参加歓迎】",6,"ちゃんこフォンデュ","お母さんが一ヶ月ずっと同じメニューを夕飯に出しています。その理由は？",16,"ヨット丘","ある人物からみそきんが毎日送られてくる",13,,"みっこりん♪","1","レキシ","1","ふかし","2","SSP","0","✨( ͡° ͜ʖ ͡°)","1","笑うモールス信号","1","三つ巴","1","ハンペ","2","飯食い金玉","3","ねこたろ","1"
"みっちゃんこみゅ1週間大喜利シーズン３【誰でも参加歓迎】",6,"ちゃんこフォンデュ","お母さんが一ヶ月ずっと同じメニューを夕飯に出しています。その理由は？",17,"空タイ","一言も喋らない父から一言を引き出したい",13,,"いりぽん","1","うーちゃん＠狼","0","ライト","1","さくぼう","1","ff","1","テリー","1","パンケーキ大好き（*＾o＾*）","1","くぼたけ","4","うた","0","三つ巴","1","池谷","1","ねこたろ","1"
"みっちゃんこみゅ1週間大喜利シーズン３【誰でも参加歓迎】",6,"ちゃんこフォンデュ","お母さんが一ヶ月ずっと同じメニューを夕飯に出しています。その理由は？",18,"KYNA","おかあさんは毎日違うんだけど、全員ぼくの好物を作ってくれるんだ！",12,,"ちゃんこフォンデュ","0","SSP","0","ぶいあーる","1","ぴぅーぴぅーボンバー","1","✨( ͡° ͜ʖ ͡°)","1","梅雨にいるタイプの甘味成分","1","池谷の母","4","うた","1","ガゾーサ","1","西瓜","1","池谷","1"
"みっちゃんこみゅ1週間大喜利シーズン３【誰でも参加歓迎】",6,"ちゃんこフォンデュ","お母さんが一ヶ月ずっと同じメニューを夕飯に出しています。その理由は？",19,"人さらい","バカ",12,,"ゆきのふるまち","1","みっこりん♪","0","きとくん","1","黄泉入りテレビ","3","SSP","1","まお","1","ff","1","僕とあなたで作る世界","1","TOEIC5点","2","ぽこちんすまっしゅ","1"
"みっちゃんこみゅ1週間大喜利シーズン３【誰でも参加歓迎】",6,"ちゃんこフォンデュ","お母さんが一ヶ月ずっと同じメニューを夕飯に出しています。その理由は？",20,"笑うモールス信号","大縄跳びに入れないのと同じでハンバーグを出すタイミングが分からない",12,,"レキシ","1","ヨット丘","1","まぐろ","1","示","1","片田舎のゴリラ","1","バリー","1","西瓜","1","池谷","1","にじまん","1","ハンペ","1","飯食い金玉","1","ねこたろ","1"
"みっちゃんこみゅ1週間大喜利シーズン３【誰でも参加歓迎】",6,"ちゃんこフォンデュ","お母さんが一ヶ月ずっと同じメニューを夕飯に出しています。その理由は？",21,"示","シチューに混ぜてのむ薬が処方された",12,,"ちゃんこフォンデュ","1","KYNA","1","いりぽん","1","うーちゃん＠狼","1","梅雨にいるタイプの甘味成分","1","僕とあなたで作る世界","1","ガゾーサ","1","池谷","1","にじまん","1","ヨット丘","2","ベンチウォーマー","1"
"みっちゃんこみゅ1週間大喜利シーズン３【誰でも参加歓迎】",6,"ちゃんこフォンデュ","お母さんが一ヶ月ずっと同じメニューを夕飯に出しています。その理由は？",22,"ねこたろ","お父さんがコンソメを麻雀牌として使った",12,,"ちゃんこフォンデュ","0","まぐろ","1","睡眠不足","2","お客さん","1","SSP","1","うーちゃん＠狼","1","ぶいあーる","1","さくぼう","1","ff","1","坊っちゃん","1","空タイ","1","飯食い金玉","1"
"みっちゃんこみゅ1週間大喜利シーズン３【誰でも参加歓迎】",6,"ちゃんこフォンデュ","お母さんが一ヶ月ずっと同じメニューを夕飯に出しています。その理由は？",23,"にじまん","OKの日はピザ　NGの日はピッツァ という夫婦の約束",11,,"きとくん","1","黄泉入りテレビ","0","緑髪のカカオ","1","うーちゃん＠狼","1","ゆきんこ☆","1","ぶいあーる","1","うねち","1","kyouko","2","笑うモールス信号","1","池谷","1","たんけだ","1"
"みっちゃんこみゅ1週間大喜利シーズン３【誰でも参加歓迎】",6,"ちゃんこフォンデュ","お母さんが一ヶ月ずっと同じメニューを夕飯に出しています。その理由は？",24,"まぐろ","太ってきた家族をお相撲さん、自分を女将さんだと認識し始めた",11,,"ちゃんこフォンデュ","0","KYNA","1","たたみん","1","示","1","ライト","1","パンケーキ大好き（*＾o＾*）","1","kyouko","1","ガゾーサ","1","にじまん","1","ハンペ","1","空タイ","1","ねこたろ","1"
"みっちゃんこみゅ1週間大喜利シーズン３【誰でも参加歓迎】",6,"ちゃんこフォンデュ","お母さんが一ヶ月ずっと同じメニューを夕飯に出しています。その理由は？",25,"ばぶ","家族から「何回この料理食わせんねん！」といつツッコまれるか隣のママ友と勝負していたから",10,,"KYNA","1","黄泉入りテレビ","2","SSP","1","みつき*","1","ゆきんこ☆","0","ぶいあーる","1","さくぼう","1","kyouko","1","鹿","2"
"みっちゃんこみゅ1週間大喜利シーズン３【誰でも参加歓迎】",6,"ちゃんこフォンデュ","お母さんが一ヶ月ずっと同じメニューを夕飯に出しています。その理由は？",26,"SSP","なんだおめぇ、白米食いたくねぇのか？あ゛？",10,,"睡眠不足","2","お客さん","2","松田栄作","2","黄泉入りテレビ","3","ぶいあーる","1"
"みっちゃんこみゅ1週間大喜利シーズン３【誰でも参加歓迎】",6,"ちゃんこフォンデュ","お母さんが一ヶ月ずっと同じメニューを夕飯に出しています。その理由は？",27,"ぶいあーる","ショベルで作る芋煮会やったのに人が全く来なかった",9,,"まぐろ","0","ff","1","うねち","1","片田舎のゴリラ","1","くぼたけ","2","西瓜","1","ライト","1","ハンペ","1","ねこたろ","1"
"みっちゃんこみゅ1週間大喜利シーズン３【誰でも参加歓迎】",6,"ちゃんこフォンデュ","お母さんが一ヶ月ずっと同じメニューを夕飯に出しています。その理由は？",28,"たんけだ","1ヶ月前から母の返事が「ｳｨﾝﾅｯ」になってる。多分ウィンナー教に入信した",9,,"ちゃんこフォンデュ","2","SSP","0","ゆきんこ☆","1","ぶいあーる","1","さくぼう","2","ff","1","✨( ͡° ͜ʖ ͡°)","1","うた","0","ハンペ","1"
"みっちゃんこみゅ1週間大喜利シーズン３【誰でも参加歓迎】",6,"ちゃんこフォンデュ","お母さんが一ヶ月ずっと同じメニューを夕飯に出しています。その理由は？",29,"黄泉入りテレビ","黙りなァ！！",9,,"レキシ","1","人さらい","1","まぐろ","1","ばぶ","1","お客さん","2","松田栄作","2","SSP","1"
"みっちゃんこみゅ1週間大喜利シーズン３【誰でも参加歓迎】",6,"ちゃんこフォンデュ","お母さんが一ヶ月ずっと同じメニューを夕飯に出しています。その理由は？",30,"僕とあなたで作る世界","愛",8,,"まぐろ","0","ふかし","1","松田栄作","1","黄泉入りテレビ","0","ぽこちんすまっしゅ","4","ゆきんこ☆","0","ぼんちゃぁん","2"
"みっちゃんこみゅ1週間大喜利シーズン３【誰でも参加歓迎】",6,"ちゃんこフォンデュ","お母さんが一ヶ月ずっと同じメニューを夕飯に出しています。その理由は？",31,"西瓜","ホームステイが和食に慣れますように",8,,"ちゃんこフォンデュ","1","レキシ","1","ヨット丘","1","まぐろ","0","ストブリー","1","マッチョッチョ","1","ff","1","片田舎のゴリラ","1","しゃぼん亭","1"
"みっちゃんこみゅ1週間大喜利シーズン３【誰でも参加歓迎】",6,"ちゃんこフォンデュ","お母さんが一ヶ月ずっと同じメニューを夕飯に出しています。その理由は？",32,"梅雨にいるタイプの甘味成分","お母さんには、同じメニューしかプログラミングされていなかった",7,,"いちばち","1","ライト","1","マッチョッチョ","0","kyouko","1","ぼんちゃぁん","2","笑うモールス信号","1","たんけだ","1","ベンチウォーマー","0"
"みっちゃんこみゅ1週間大喜利シーズン３【誰でも参加歓迎】",6,"ちゃんこフォンデュ","お母さんが一ヶ月ずっと同じメニューを夕飯に出しています。その理由は？",33,"いりぽん","よく当たる星占いにそうしろと書いてあった
今月も来月も再来月もずっと　oh yeah！",6,,"SSP","0","ゆきんこ☆","2","まお","1","マッチョッチョ","2","ff","1"
"みっちゃんこみゅ1週間大喜利シーズン３【誰でも参加歓迎】",6,"ちゃんこフォンデュ","お母さんが一ヶ月ずっと同じメニューを夕飯に出しています。その理由は？",34,"うた","2日目のが一番美味いを覆してノーベルカレー賞を獲りたい",6,,"ちゃんこフォンデュ","0","梅雨にいるタイプの甘味成分","1","kyouko","1","笑うモールス信号","2","西瓜","1","ハンペ","1"
"みっちゃんこみゅ1週間大喜利シーズン３【誰でも参加歓迎】",6,"ちゃんこフォンデュ","お母さんが一ヶ月ずっと同じメニューを夕飯に出しています。その理由は？",35,"さきっちょ","おふくろの味を覚えさせるため",6,,"ちゃんこフォンデュ","0","睡眠不足","1","うーちゃん＠狼","1","ライト","1","ff","1","梅雨にいるタイプの甘味成分","1","kyouko","1"
"みっちゃんこみゅ1週間大喜利シーズン３【誰でも参加歓迎】",6,"ちゃんこフォンデュ","お母さんが一ヶ月ずっと同じメニューを夕飯に出しています。その理由は？",36,"ナルト","エッホエッホハンバーグ好きと伝えなきゃ",6,,"ちゃんこフォンデュ","0","KYNA","1","松田栄作","1","示","1","ゆきんこ☆","2","✨( ͡° ͜ʖ ͡°)","0","人さらい","1"
"みっちゃんこみゅ1週間大喜利シーズン３【誰でも参加歓迎】",6,"ちゃんこフォンデュ","お母さんが一ヶ月ずっと同じメニューを夕飯に出しています。その理由は？",37,"しゃぼん亭","オリジナルお母さんに肉じゃがしか教えられてない、29人のクローンお母さん",5,,"ちゃんこフォンデュ","0","SSP","1","ゆきんこ☆","1","ぴぅーぴぅーボンバー","1","✨( ͡° ͜ʖ ͡°)","0","ハンペ","1","空タイ","1"
"みっちゃんこみゅ1週間大喜利シーズン３【誰でも参加歓迎】",6,"ちゃんこフォンデュ","お母さんが一ヶ月ずっと同じメニューを夕飯に出しています。その理由は？",38,"鹿","新婚の時みたいにお父さんからのツッコミが欲しいが、ボケ方が迷子",5,,"KYNA","1","いちばち","1","さくぼう","1","✨( ͡° ͜ʖ ͡°)","1","ガゾーサ","1"
"みっちゃんこみゅ1週間大喜利シーズン３【誰でも参加歓迎】",6,"ちゃんこフォンデュ","お母さんが一ヶ月ずっと同じメニューを夕飯に出しています。その理由は？",39,"ff","守備妨害か走塁妨害かで悩む野球動画がある",5,,"マッチョッチョ","0","ぼんちゃぁん","2","バリー","1","うた","1","三つ巴","1"
"みっちゃんこみゅ1週間大喜利シーズン３【誰でも参加歓迎】",6,"ちゃんこフォンデュ","お母さんが一ヶ月ずっと同じメニューを夕飯に出しています。その理由は？",40,"うーちゃん＠狼","お母さんね、お尻からカレー味のカレーが出るようになったのよ",5,,"まぐろ","0","お客さん","1","SSP","0","マッチョッチョ","1","西瓜","1","池谷","2"
"みっちゃんこみゅ1週間大喜利シーズン３【誰でも参加歓迎】",6,"ちゃんこフォンデュ","お母さんが一ヶ月ずっと同じメニューを夕飯に出しています。その理由は？",41,"ゆきんこ☆","憧れのキッチンリフォーム案が通らず 戦闘モード中",5,,"マッチョッチョ","1","うた","0","しゃぼん亭","1","TOEIC5点","2","飯食い金玉","1"
"みっちゃんこみゅ1週間大喜利シーズン３【誰でも参加歓迎】",6,"ちゃんこフォンデュ","お母さんが一ヶ月ずっと同じメニューを夕飯に出しています。その理由は？",42,"レキシ","我が家は変化を嫌う一家、支持政党も保守寄りだし
",5,,"ちゃんこフォンデュ","0","緑髪のカカオ","1","ゆきんこ☆","0","まお","1","さくぼう","1","うた","1","空タイ","1","ベンチウォーマー","0"
"みっちゃんこみゅ1週間大喜利シーズン３【誰でも参加歓迎】",6,"ちゃんこフォンデュ","お母さんが一ヶ月ずっと同じメニューを夕飯に出しています。その理由は？",43,"たたみん","私、大人になれなくて",5,,"まお","1","池谷の母","2","空タイ","1","ベンチウォーマー","1"
"みっちゃんこみゅ1週間大喜利シーズン３【誰でも参加歓迎】",6,"ちゃんこフォンデュ","お母さんが一ヶ月ずっと同じメニューを夕飯に出しています。その理由は？",44,"TOEIC5点","たかし、富士山を登りなさい",5,,"睡眠不足","2","SSP","0","パンケーキ大好き（*＾o＾*）","1","にじまん","1","坊っちゃん","1"
"みっちゃんこみゅ1週間大喜利シーズン３【誰でも参加歓迎】",6,"ちゃんこフォンデュ","お母さんが一ヶ月ずっと同じメニューを夕飯に出しています。その理由は？",45,"破天荒の相方","お父さんが浮気した",5,,"ff","1","くぼたけ","4"
"みっちゃんこみゅ1週間大喜利シーズン３【誰でも参加歓迎】",6,"ちゃんこフォンデュ","お母さんが一ヶ月ずっと同じメニューを夕飯に出しています。その理由は？",46,"ぼんちゃぁん","オンラインカジノに魂を奪われてしまった",4,,"みっこりん♪","1","ヨット丘","1","お客さん","1","坊っちゃん","1"
"みっちゃんこみゅ1週間大喜利シーズン３【誰でも参加歓迎】",6,"ちゃんこフォンデュ","お母さんが一ヶ月ずっと同じメニューを夕飯に出しています。その理由は？",47,"たけ","お母さんは、来年カレー専門店をオープンするために、晩御飯の機会を使って、ひそかに美味しいカレーを作る練習をしている",4,,"レキシ","1","いちばち","2","ぶいあーる","1"
"みっちゃんこみゅ1週間大喜利シーズン３【誰でも参加歓迎】",6,"ちゃんこフォンデュ","お母さんが一ヶ月ずっと同じメニューを夕飯に出しています。その理由は？",48,"池谷の母","なに？文句あんの💢",4,,"人さらい","1","きとくん","1","ゆきんこ☆","1","ゆきのふるまち","1"
"みっちゃんこみゅ1週間大喜利シーズン３【誰でも参加歓迎】",6,"ちゃんこフォンデュ","お母さんが一ヶ月ずっと同じメニューを夕飯に出しています。その理由は？",49,"さくぼう","レパートリーが少なくて…(*´∀｀)ﾃﾍｯ",4,,"ぽこちんすまっしゅ","1","みつき*","1","✨( ͡° ͜ʖ ͡°)","1","僕とあなたで作る世界","1"
"みっちゃんこみゅ1週間大喜利シーズン３【誰でも参加歓迎】",6,"ちゃんこフォンデュ","お母さんが一ヶ月ずっと同じメニューを夕飯に出しています。その理由は？",50,"バリー","季語が「里芋の煮っころがし」の俳句が、まだたくさん余ってる",4,,"うーちゃん＠狼","1","片田舎のゴリラ","1","僕とあなたで作る世界","1","ねこたろ","1"
"みっちゃんこみゅ1週間大喜利シーズン３【誰でも参加歓迎】",6,"ちゃんこフォンデュ","お母さんが一ヶ月ずっと同じメニューを夕飯に出しています。その理由は？",51,"松田栄作","俺がそうしろって言ったからな",4,,"ゆきのふるまち","1","まぐろ","0","松田栄作","1","梅雨にいるタイプの甘味成分","1","笑うモールス信号","1"
"みっちゃんこみゅ1週間大喜利シーズン３【誰でも参加歓迎】",6,"ちゃんこフォンデュ","お母さんが一ヶ月ずっと同じメニューを夕飯に出しています。その理由は？",52,"ぴぅーぴぅーボンバー","タイムループかあさん  別名 やり直しマミー",3,,"みっこりん♪","0","お客さん","0","うーちゃん＠狼","0","示","1","まお","0","✨( ͡° ͜ʖ ͡°)","0","池谷の母","2"
"みっちゃんこみゅ1週間大喜利シーズン３【誰でも参加歓迎】",6,"ちゃんこフォンデュ","お母さんが一ヶ月ずっと同じメニューを夕飯に出しています。その理由は？",53,"ライト","「作ってやってるんだから文句言うなよ」の圧が場を支配している",3,,"黄泉入りテレビ","1","SSP","0","ぼんちゃぁん","1","ガゾーサ","1","池谷","0"
"みっちゃんこみゅ1週間大喜利シーズン３【誰でも参加歓迎】",6,"ちゃんこフォンデュ","お母さんが一ヶ月ずっと同じメニューを夕飯に出しています。その理由は？",54,"ベンチウォーマー","わが子の好きな料理暫定1位がナゲットは母の恥",3,,"KYNA","1","睡眠不足","1","松田栄作","1","うた","0","池谷","0"
"みっちゃんこみゅ1週間大喜利シーズン３【誰でも参加歓迎】",6,"ちゃんこフォンデュ","お母さんが一ヶ月ずっと同じメニューを夕飯に出しています。その理由は？",55,"みつき*(´・ω・)*","備蓄米めっちゃもらった",3,,"ヨット丘","1","うーちゃん＠狼","1","西瓜","1"
"みっちゃんこみゅ1週間大喜利シーズン３【誰でも参加歓迎】",6,"ちゃんこフォンデュ","お母さんが一ヶ月ずっと同じメニューを夕飯に出しています。その理由は？",56,"コナイチロー","鮮魚売り場の推し店員に認知されるため、魚のカットを毎日お願いしてるから",3,,"うーちゃん＠狼","0","ぶいあーる","1","ぴぅーぴぅーボンバー","1","梅雨にいるタイプの甘味成分","1"
"みっちゃんこみゅ1週間大喜利シーズン３【誰でも参加歓迎】",6,"ちゃんこフォンデュ","お母さんが一ヶ月ずっと同じメニューを夕飯に出しています。その理由は？",57,"ぽこちんすまっしゅ","同じ飯で家族を洗脳する実験をやってて、1ヶ月後に【お前らまだ飽きてないの？私の勝ちー！】ってドヤ顔で新メニュー出すつもりだった。",2,,"KYNA","1","SSP","1"
"みっちゃんこみゅ1週間大喜利シーズン３【誰でも参加歓迎】",6,"ちゃんこフォンデュ","お母さんが一ヶ月ずっと同じメニューを夕飯に出しています。その理由は？",58,"睡眠不足","１ヶ月１万円生活23日目",2,,"ぴぅーぴぅーボンバー","1","kyouko","1"
"みっちゃんこみゅ1週間大喜利シーズン３【誰でも参加歓迎】",6,"ちゃんこフォンデュ","お母さんが一ヶ月ずっと同じメニューを夕飯に出しています。その理由は？",59,"緑髪のカカオ","お母さん「何で毎日カレーなのって？カレーは外からでも匂いで分かるでしょ？毎日、カレー作ってる家を見つけては忍び込んで、こっそり拝借してるの♡ カレーは少し無くなっても案外気付かないのよ。ついでにお米も高いから貰ってるわ♡ 安心して！ちゃんと味見してるから！今日は本場インド人のお宅のカレーよ！」",2,,"ちゃんこフォンデュ","0","いちばち","2","✨( ͡° ͜ʖ ͡°)","0"
"みっちゃんこみゅ1週間大喜利シーズン３【誰でも参加歓迎】",6,"ちゃんこフォンデュ","お母さんが一ヶ月ずっと同じメニューを夕飯に出しています。その理由は？",60,"希望のネコ丸","メニュー考えるのめんどい",2,,"ぽこちんすまっしゅ","2"
"みっちゃんこみゅ1週間大喜利シーズン３【誰でも参加歓迎】",6,"ちゃんこフォンデュ","お母さんが一ヶ月ずっと同じメニューを夕飯に出しています。その理由は？",61,"ガゾーサ","いい形の鍋だと思ってメルカリで落札したら給食用の鍋だったから
肉じゃが全然減らないのよ",1,,"ちゃんこフォンデュ","0","KYNA","1"
"みっちゃんこみゅ1週間大喜利シーズン３【誰でも参加歓迎】",6,"ちゃんこフォンデュ","お母さんが一ヶ月ずっと同じメニューを夕飯に出しています。その理由は？",62,"まお","ちゃんこダイニング若のフランチャイズを開業",1,,"SSP","0","マッチョッチョ","1","✨( ͡° ͜ʖ ͡°)","0"
"みっちゃんこみゅ1週間大喜利シーズン３【誰でも参加歓迎】",6,"ちゃんこフォンデュ","お母さんが一ヶ月ずっと同じメニューを夕飯に出しています。その理由は？",63,"kyouko","ベジタリアン",1,,"ゆの","1"
"みっちゃんこみゅ1週間大喜利シーズン３【誰でも参加歓迎】",6,"ちゃんこフォンデュ","お母さんが一ヶ月ずっと同じメニューを夕飯に出しています。その理由は？",64,"ゆの","お母さんがお父さんに甘えているところを見られてしまった為",1,,"レキシ","1","✨( ͡° ͜ʖ ͡°)","0","SSP","0"
"みっちゃんこみゅ1週間大喜利シーズン３【誰でも参加歓迎】",6,"ちゃんこフォンデュ","お母さんが一ヶ月ずっと同じメニューを夕飯に出しています。その理由は？",65,"いちばち","顔面から転んで歯が砕けて無くなったから。噛めなくなって1か月間ずっと豆腐・・・",1,,"睡眠不足","1"
"みっちゃんこみゅ1週間大喜利シーズン３【誰でも参加歓迎】",6,"ちゃんこフォンデュ","お母さんが一ヶ月ずっと同じメニューを夕飯に出しています。その理由は？",66,"お客さん","お父さんがね…横領してたみたいで、一括で300億払ったら無くなっちゃったのよ",0,,"SSP","0"
"みっちゃんこみゅ1週間大喜利シーズン３【誰でも参加歓迎】",6,"ちゃんこフォンデュ","お母さんが一ヶ月ずっと同じメニューを夕飯に出しています。その理由は？",67,"ストブリー","毎朝駅前でフエフキ配りの人がいてフエフキの味噌汁がでてくる",0,,"ちゃんこフォンデュ","0"
"みっちゃんこみゅ1週間大喜利シーズン３【誰でも参加歓迎】",6,"ちゃんこフォンデュ","お母さんが一ヶ月ずっと同じメニューを夕飯に出しています。その理由は？",68,"白黒くま","義母に脅されて・・・",0,,"SSP","0"
"みっちゃんこみゅ1週間大喜利シーズン３【誰でも参加歓迎】",7,"ちゃんこフォンデュ","妻が定期的に修行と言って出かけるのですが、なんの修行をしてるんですか？",1,"坊っちゃん","和太鼓が届くまでは、「ハッ」とだけ叫んでいる",34,,"たたみん","1","パンケーキ大好き（*＾o＾*）","1","床屋","4","ちゃんこフォンデュ","1","松田栄作","0","ゆきんこ☆","2","✨( ͡° ͜ʖ ͡°)","1","マッチョッチョ","1","みっこりん♪","2","田中一","1","へは゜","1","片田舎のゴリラ","1","きとくん","1","テリー","1","さくぼう","0","しゃぼん亭","1","うーちゃん＠狼","2","お客さん","0","鹿","1","ぶいあーる","1","みなぁも","2","うた","1","バリー","1","三つ巴","1","いぬいぬいっぬ","1","空タイ","1","ff","0","ハンペ","1","ベンチウォーマー","1","ぼんちゃぁん","2"
"みっちゃんこみゅ1週間大喜利シーズン３【誰でも参加歓迎】",7,"ちゃんこフォンデュ","妻が定期的に修行と言って出かけるのですが、なんの修行をしてるんですか？",2,"ライト","手でやるスケボー",28,,"ちゃんこフォンデュ","2","人さらい","1","梅雨にいるタイプの甘味成分","1","パンケーキ大好き（*＾o＾*）","1","たたみん","2","床屋","1","ぽこちんすまっしゅ","0","黄泉入りテレビ","1","まお","2","マッチョッチョ","0","池谷","1","田中一","1","さくぼう","0","いりぽん","1","僕とあなたで作る世界","1","KYNA","1","テリー","1","ヨット丘","1","坊っちゃん","2","三つ巴","1","ff","1","白黒くま","1","飯食い金玉","1","ぼんちゃぁん","4"
"みっちゃんこみゅ1週間大喜利シーズン３【誰でも参加歓迎】",7,"ちゃんこフォンデュ","妻が定期的に修行と言って出かけるのですが、なんの修行をしてるんですか？",3,"人さらい","個人的に地下鉄を掘ってる",22,,"いちばち","1","ライト","1","ぽこちんすまっしゅ","0","SSP","1","マッチョッチョ","1","まお","0","田中一","1","示","1","さくぼう","1","まぐろ","2","へは゜","1","いりぽん","1","KYNA","1","うーちゃん＠狼","1","ヨット丘","1","ホーミング","1","うた","2","スカイハイ","1","バリー","2","いぬいぬいっぬ","1","飯食い金玉","1"
"みっちゃんこみゅ1週間大喜利シーズン３【誰でも参加歓迎】",7,"ちゃんこフォンデュ","妻が定期的に修行と言って出かけるのですが、なんの修行をしてるんですか？",4,"ふかし","掃除機に負けない声量",22,,"ちゃんこフォンデュ","0","梅雨にいるタイプの甘味成分","1","パンケーキ大好き（*＾o＾*）","1","いちばち","1","ライト","2","SSP","0","マッチョッチョ","0","池谷","1","みっこりん♪","1","じったん（いちばちの娘）","2","緑髪のカカオ","1","示","1","へは゜","1","さくぼう","0","しゃぼん亭","1","ホーミング","1","お客さん","0","うた","1","バリー","2","いぬいぬいっぬ","1","たんけだ","1","ハンペ","1","ベンチウォーマー","1","飯食い金玉","1"
"みっちゃんこみゅ1週間大喜利シーズン３【誰でも参加歓迎】",7,"ちゃんこフォンデュ","妻が定期的に修行と言って出かけるのですが、なんの修行をしてるんですか？",5,"三つ巴","にんにくゴルフ",21,,"人さらい","1","ちゃんこフォンデュ","1","ぽこちんすまっしゅ","1","黄泉入りテレビ","1","✨( ͡° ͜ʖ ͡°)","1","まお","2","みっこりん♪","1","田中一","1","ゆきんこ☆","1","僕とあなたで作る世界","1","麻原しょこたん","2","ふかし","2","しゃぼん亭","1","うーちゃん＠狼","1","スカイハイ","1","白黒くま","1","ff","0","ベンチウォーマー","1","きとくん","1"
"みっちゃんこみゅ1週間大喜利シーズン３【誰でも参加歓迎】",7,"ちゃんこフォンデュ","妻が定期的に修行と言って出かけるのですが、なんの修行をしてるんですか？",6,"示","ジャズ（ジャズは孤独だから）",21,,"人さらい","1","たたみん","1","まお","4","マッチョッチョ","2","田中一","1","まぐろ","0","ゆきんこ☆","1","へは゜","1","麻原しょこたん","2","テリー","2","ヨット丘","2","ホーミング","1","スカイハイ","1","ベンチウォーマー","1","飯食い金玉","1"
"みっちゃんこみゅ1週間大喜利シーズン３【誰でも参加歓迎】",7,"ちゃんこフォンデュ","妻が定期的に修行と言って出かけるのですが、なんの修行をしてるんですか？",7,"ヨット丘","野良猫の金玉をさわる",18,,"ねこたろ","1","お客様と呼べ","1","マッチョッチョ","0","池谷","1","緑髪のカカオ","1","片田舎のゴリラ","1","いりぽん","1","僕とあなたで作る世界","1","麻原しょこたん","2","KYNA","1","ぶいあーる","1","空タイ","1","ff","4","レキシ","1","飯食い金玉","1"
"みっちゃんこみゅ1週間大喜利シーズン３【誰でも参加歓迎】",7,"ちゃんこフォンデュ","妻が定期的に修行と言って出かけるのですが、なんの修行をしてるんですか？",8,"いりぽん","原作に追いつきそうなので時間を稼いでいる",18,,"みつき*( '-' )*","1","人さらい","1","ちゃんこフォンデュ","1","たたみん","2","松田栄作","0","✨( ͡° ͜ʖ ͡°)","2","マッチョッチョ","1","みっこりん♪","1","まぐろ","2","テリー","1","池谷","2","しゃぼん亭","1","うた","1","ガゾーサ","1","飯食い金玉","1"
"みっちゃんこみゅ1週間大喜利シーズン３【誰でも参加歓迎】",7,"ちゃんこフォンデュ","妻が定期的に修行と言って出かけるのですが、なんの修行をしてるんですか？",9,"SSP","修学旅行、略して修行",18,,"ねこたろ","1","ライト","1","松田栄作","2","お客様と呼べ","3","黄泉入りテレビ","1","池谷","0","じったん（いちばちの娘）","2","みなぁも","2","スカイハイ","1","お客さん","2","エメラルドの天ぷら","3"
"みっちゃんこみゅ1週間大喜利シーズン３【誰でも参加歓迎】",7,"ちゃんこフォンデュ","妻が定期的に修行と言って出かけるのですが、なんの修行をしてるんですか？",10,"へは゜","ふりかけにパンチしてさらに細かくしている",17,,"床屋","1","いちばち","1","ちゃんこフォンデュ","1","池谷","1","田中一","1","さくぼう","1","みなぁも","1","まぐろ","1","僕とあなたで作る世界","1","しゃぼん亭","1","うーちゃん＠狼","1","ヨット丘","2","鹿","1","たんけだ","1","ハンペ","1","レキシ","1"
"みっちゃんこみゅ1週間大喜利シーズン３【誰でも参加歓迎】",7,"ちゃんこフォンデュ","妻が定期的に修行と言って出かけるのですが、なんの修行をしてるんですか？",11,"ベンチウォーマー","レゴを踏んでも痛がらないように栗を踏んでる",15,,"梅雨にいるタイプの甘味成分","1","いちばち","3","ちゃんこフォンデュ","1","ライト","1","松田栄作","1","ゆきんこ☆","1","示","1","まぐろ","0","へは゜","1","しゃぼん亭","1","うーちゃん＠狼","1","お客さん","0","鹿","1","ぶいあーる","1","さきっちょ","1"
"みっちゃんこみゅ1週間大喜利シーズン３【誰でも参加歓迎】",7,"ちゃんこフォンデュ","妻が定期的に修行と言って出かけるのですが、なんの修行をしてるんですか？",12,"いぬいぬいっぬ","チャーハンのDVD撮影",15,,"ちゃんこフォンデュ","0","パンケーキ大好き（*＾o＾*）","1","お客様と呼べ","0","田中一","1","さくぼう","0","いりぽん","1","テリー","1","ふかし","2","うーちゃん＠狼","1","ホーミング","1","うた","2","坊っちゃん","1","白黒くま","1","さきっちょ","1","きとくん","2"
"みっちゃんこみゅ1週間大喜利シーズン３【誰でも参加歓迎】",7,"ちゃんこフォンデュ","妻が定期的に修行と言って出かけるのですが、なんの修行をしてるんですか？",13,"テリー","赤ランプが点灯した墓に誰よりも早くお参りする",14,,"ちゃんこフォンデュ","0","✨( ͡° ͜ʖ ͡°)","1","まぐろ","2","へは゜","0","いりぽん","1","KYNA","2","ふかし","2","うた","1","スカイハイ","1","バリー","1","三つ巴","1","エメラルドの天ぷら","2"
"みっちゃんこみゅ1週間大喜利シーズン３【誰でも参加歓迎】",7,"ちゃんこフォンデュ","妻が定期的に修行と言って出かけるのですが、なんの修行をしてるんですか？",14,"まぐろ","給食袋を作らされそうになった時に6秒数える",14,,"人さらい","1","池谷","0","田中一","1","へは゜","1","いりぽん","1","ふかし","4","きとくん","1","スカイハイ","1","ガゾーサ","1","三つ巴","2","いぬいぬいっぬ","1"
"みっちゃんこみゅ1週間大喜利シーズン３【誰でも参加歓迎】",7,"ちゃんこフォンデュ","妻が定期的に修行と言って出かけるのですが、なんの修行をしてるんですか？",15,"飯食い金玉","あなたの脚立は私が必ず支える",13,,"床屋","1","いちばち","1","✨( ͡° ͜ʖ ͡°)","1","まお","0","片田舎のゴリラ","1","テリー","2","しゃぼん亭","1","うーちゃん＠狼","1","バリー","1","たんけだ","1","空タイ","1","レキシ","2"
"みっちゃんこみゅ1週間大喜利シーズン３【誰でも参加歓迎】",7,"ちゃんこフォンデュ","妻が定期的に修行と言って出かけるのですが、なんの修行をしてるんですか？",16,"しゃぼん亭","２代目ホトちゃん",12,,"人さらい","2","たたみん","2","田中一","1","片田舎のゴリラ","1","きとくん","1","僕とあなたで作る世界","1","テリー","2","お客さん","0","三つ巴","1","ベンチウォーマー","1"
"みっちゃんこみゅ1週間大喜利シーズン３【誰でも参加歓迎】",7,"ちゃんこフォンデュ","妻が定期的に修行と言って出かけるのですが、なんの修行をしてるんですか？",17,"片田舎のゴリラ","猫のキャラクターごときに支配されない私になる",12,,"たたみん","1","ねこたろ","1","ちゃんこフォンデュ","1","お客様と呼べ","0","へは゜","1","ホーミング","2","スカイハイ","1","ガゾーサ","1","坊っちゃん","1","たんけだ","2","飯食い金玉","1"
"みっちゃんこみゅ1週間大喜利シーズン３【誰でも参加歓迎】",7,"ちゃんこフォンデュ","妻が定期的に修行と言って出かけるのですが、なんの修行をしてるんですか？",18,"ちゃんこフォンデュ","「スリルがたまらねえ」と餅の早食いしてた",12,,"ねこたろ","1","ぽこちんすまっしゅ","0","マッチョッチョ","1","みなぁも","2","KYNA","1","鹿","1","ガゾーサ","1","いぬいぬいっぬ","2","たんけだ","1","空タイ","1","ハンペ","1","ベンチウォーマー","0"
"みっちゃんこみゅ1週間大喜利シーズン３【誰でも参加歓迎】",7,"ちゃんこフォンデュ","妻が定期的に修行と言って出かけるのですが、なんの修行をしてるんですか？",19,"マッチョッチョ","通常のヤクルトを圧縮してヤクルト1000にする",12,,"ちゃんこフォンデュ","1","ねこたろ","1","梅雨にいるタイプの甘味成分","1","パンケーキ大好き（*＾o＾*）","1","池谷","1","まぐろ","2","みなぁも","1","いりぽん","1","お客さん","0","鹿","1","ガゾーサ","1","ベンチウォーマー","1"
"みっちゃんこみゅ1週間大喜利シーズン３【誰でも参加歓迎】",7,"ちゃんこフォンデュ","妻が定期的に修行と言って出かけるのですが、なんの修行をしてるんですか？",20,"緑髪のカカオ","「いつやるの？今でしょ？」
でおなじみの林修先生の大ファンで、
講演会に行くことを
「“修”に会いに“行”く」
から文字って“修行”と言っている",12,,"ライト","1","SSP","0","松田栄作","2","✨( ͡° ͜ʖ ͡°)","0","じったん（いちばちの娘）","2","さくぼう","1","しゃぼん亭","1","ぶいあーる","1","ガゾーサ","1","廻屋歩武","3","ベンチウォーマー","0"
"みっちゃんこみゅ1週間大喜利シーズン３【誰でも参加歓迎】",7,"ちゃんこフォンデュ","妻が定期的に修行と言って出かけるのですが、なんの修行をしてるんですか？",21,"うた","電流浴びながらココアを作ってるよ",11,,"人さらい","1","みつき*( '-' )*","1","梅雨にいるタイプの甘味成分","1","SSP","1","示","1","ゆきんこ☆","1","へは゜","0","片田舎のゴリラ","1","僕とあなたで作る世界","1","KYNA","1","うーちゃん＠狼","0","空タイ","2"
"みっちゃんこみゅ1週間大喜利シーズン３【誰でも参加歓迎】",7,"ちゃんこフォンデュ","妻が定期的に修行と言って出かけるのですが、なんの修行をしてるんですか？",22,"みっこりん♪","おひるね",11,,"ぽこちんすまっしゅ","3","お客様と呼べ","2","示","1","ばぶ","1","KYNA","1","エメラルドの天ぷら","1","ぼんちゃぁん","2"
"みっちゃんこみゅ1週間大喜利シーズン３【誰でも参加歓迎】",7,"ちゃんこフォンデュ","妻が定期的に修行と言って出かけるのですが、なんの修行をしてるんですか？",23,"スカイハイ","野鳥の真似をきわめて、図鑑に載ろうとしています。すでにパーとチョキの区別がつかないので、もうすぐかもしれません。",10,,"ねこたろ","1","ちゃんこフォンデュ","1","松田栄作","1","いりぽん","1","さくぼう","2","ハンペ","1","ベンチウォーマー","3"
"みっちゃんこみゅ1週間大喜利シーズン３【誰でも参加歓迎】",7,"ちゃんこフォンデュ","妻が定期的に修行と言って出かけるのですが、なんの修行をしてるんですか？",24,"じったん（いちばちの娘）","洗濯物をとっても綺麗にたたむ",10,,"ぽこちんすまっしゅ","2","SSP","1","示","2","麻原しょこたん","2","空タイ","1","ハンペ","1","きとくん","1"
"みっちゃんこみゅ1週間大喜利シーズン３【誰でも参加歓迎】",7,"ちゃんこフォンデュ","妻が定期的に修行と言って出かけるのですが、なんの修行をしてるんですか？",25,"たんけだ","イリュージョンおっぱい
（おっぱいが白い鳩になって旅立つ）",10,,"ねこたろ","1","✨( ͡° ͜ʖ ͡°)","1","まぐろ","0","片田舎のゴリラ","1","麻原しょこたん","2","さくぼう","0","うーちゃん＠狼","0","ヨット丘","1","スカイハイ","1","坊っちゃん","1","空タイ","1","さきっちょ","1"
"みっちゃんこみゅ1週間大喜利シーズン３【誰でも参加歓迎】",7,"ちゃんこフォンデュ","妻が定期的に修行と言って出かけるのですが、なんの修行をしてるんですか？",26,"黄泉入りテレビ","霞を食べる修行",10,,"梅雨にいるタイプの甘味成分","1","たたみん","1","SSP","2","松田栄作","1","お客様と呼べ","1","レキシ","1","ホーミング","1","お客さん","1","たんけだ","1"
"みっちゃんこみゅ1週間大喜利シーズン３【誰でも参加歓迎】",7,"ちゃんこフォンデュ","妻が定期的に修行と言って出かけるのですが、なんの修行をしてるんですか？",27,"ff","ボディシャンプーと体を使って大きなシャボン玉を作り出す技「Rising Sun（ライジングサン）」の修行",9,,"ちゃんこフォンデュ","0","いちばち","1","ライト","1","✨( ͡° ͜ʖ ͡°)","1","緑髪のカカオ","1","さくぼう","0","へは゜","1","片田舎のゴリラ","1","いりぽん","1","ぶいあーる","1","うた","0","ハンペ","1"
"みっちゃんこみゅ1週間大喜利シーズン３【誰でも参加歓迎】",7,"ちゃんこフォンデュ","妻が定期的に修行と言って出かけるのですが、なんの修行をしてるんですか？",28,"ガゾーサ","そういう旦那の無神経さに耐えられるメンタルを鍛えてるのではないでしょうか。",9,,"池谷","0","みっこりん♪","1","じったん（いちばちの娘）","2","ゆきんこ☆","2","お客さん","1","ぶいあーる","1","いぬいぬいっぬ","1","白黒くま","1"
"みっちゃんこみゅ1週間大喜利シーズン３【誰でも参加歓迎】",7,"ちゃんこフォンデュ","妻が定期的に修行と言って出かけるのですが、なんの修行をしてるんですか？",29,"まお","Kiss",8,,"人さらい","1","ねこたろ","1","ぽこちんすまっしゅ","0","松田栄作","0","お客様と呼べ","0","みっこりん♪","1","レキシ","1","池谷","0","お客さん","0","うた","1","坊っちゃん","1","ff","2"
"みっちゃんこみゅ1週間大喜利シーズン３【誰でも参加歓迎】",7,"ちゃんこフォンデュ","妻が定期的に修行と言って出かけるのですが、なんの修行をしてるんですか？",30,"池谷","スキャットマン完コピ",8,,"パンケーキ大好き（*＾o＾*）","1","ねこたろ","1","SSP","1","黄泉入りテレビ","1","マッチョッチョ","0","みっこりん♪","1","さくぼう","0","KYNA","1","お客さん","1","たんけだ","1"
"みっちゃんこみゅ1週間大喜利シーズン３【誰でも参加歓迎】",7,"ちゃんこフォンデュ","妻が定期的に修行と言って出かけるのですが、なんの修行をしてるんですか？",31,"ぼんちゃぁん","「女の子は誰だってプリキュアになれるのよ」だそうです",8,,"SSP","1","松田栄作","0","ゆきんこ☆","1","池谷","1","じったん（いちばちの娘）","2","まぐろ","0","ガゾーサ","1","お客さん","2"
"みっちゃんこみゅ1週間大喜利シーズン３【誰でも参加歓迎】",7,"ちゃんこフォンデュ","妻が定期的に修行と言って出かけるのですが、なんの修行をしてるんですか？",32,"ゆきんこ☆","銀紙を噛みしめて 奥歯を強化",8,,"梅雨にいるタイプの甘味成分","1","マッチョッチョ","1","レキシ","1","お客さん","0","鹿","1","ぶいあーる","1","ff","1","ベンチウォーマー","1","飯食い金玉","1"
"みっちゃんこみゅ1週間大喜利シーズン３【誰でも参加歓迎】",7,"ちゃんこフォンデュ","妻が定期的に修行と言って出かけるのですが、なんの修行をしてるんですか？",33,"ぶいあーる","電車で足ぱっかーん開いて座ってる人に「キンタマデカくて大変ですね」と声掛けする",8,,"ちゃんこフォンデュ","0","床屋","1","ライト","1","松田栄作","1","✨( ͡° ͜ʖ ͡°)","0","池谷","1","しゃぼん亭","1","うた","0","坊っちゃん","1","バリー","1","さきっちょ","1","ベンチウォーマー","0"
"みっちゃんこみゅ1週間大喜利シーズン３【誰でも参加歓迎】",7,"ちゃんこフォンデュ","妻が定期的に修行と言って出かけるのですが、なんの修行をしてるんですか？",34,"パンケーキ大好き（*＾o＾*）","こけし作り（首をまわしてｷｭｯｷｭｯｷｭｯと音が鳴れば一人前）",8,,"梅雨にいるタイプの甘味成分","1","ちゃんこフォンデュ","0","SSP","0","ゆきんこ☆","1","示","1","レキシ","1","片田舎のゴリラ","1","KYNA","1","さくぼう","0","ヨット丘","1","うた","0","いぬいぬいっぬ","1"
"みっちゃんこみゅ1週間大喜利シーズン３【誰でも参加歓迎】",7,"ちゃんこフォンデュ","妻が定期的に修行と言って出かけるのですが、なんの修行をしてるんですか？",35,"バリー","ものまね王座で、本当はジュディオングのまねで「魅せられて」が歌いたかったのに、プロデューサーから強制的に華原朋美の「I'm proud」に変えられて、スタジオで案の定ご本人が来たとき、やっぱりと思いつつも「えー！嘘！」と驚くふりをする練習",8,,"ちゃんこフォンデュ","0","松田栄作","0","✨( ͡° ͜ʖ ͡°)","1","マッチョッチョ","1","まお","1","緑髪のカカオ","2","まぐろ","0","へは゜","0","いりぽん","1","ガゾーサ","1","廻屋歩武","1","ベンチウォーマー","0"
"みっちゃんこみゅ1週間大喜利シーズン３【誰でも参加歓迎】",7,"ちゃんこフォンデュ","妻が定期的に修行と言って出かけるのですが、なんの修行をしてるんですか？",36,"たたみん","パックからレアカード抜く",7,,"ねこたろ","1","パンケーキ大好き（*＾o＾*）","1","ぽこちんすまっしゅ","1","松田栄作","0","僕とあなたで作る世界","1","しゃぼん亭","1","お客さん","1","空タイ","1"
"みっちゃんこみゅ1週間大喜利シーズン３【誰でも参加歓迎】",7,"ちゃんこフォンデュ","妻が定期的に修行と言って出かけるのですが、なんの修行をしてるんですか？",37,"みつき*( '-' )*","何があっても全部(´・∀・`)で切り抜ける修行",7,,"ライト","1","ぽこちんすまっしゅ","0","松田栄作","1","さくぼう","0","三つ巴","1","白黒くま","3","たんけだ","1"
"みっちゃんこみゅ1週間大喜利シーズン３【誰でも参加歓迎】",7,"ちゃんこフォンデュ","妻が定期的に修行と言って出かけるのですが、なんの修行をしてるんですか？",38,"白黒くま","揚げ物がべっちょりしないようにする修行",6,,"ちゃんこフォンデュ","0","パンケーキ大好き（*＾o＾*）","1","黄泉入りテレビ","1","ゆきんこ☆","0","ぶいあーる","1","三つ巴","1","いぬいぬいっぬ","2"
"みっちゃんこみゅ1週間大喜利シーズン３【誰でも参加歓迎】",7,"ちゃんこフォンデュ","妻が定期的に修行と言って出かけるのですが、なんの修行をしてるんですか？",39,"レキシ","高級おせち",6,,"ぽこちんすまっしゅ","1","マッチョッチョ","1","お客さん","0","廻屋歩武","1","さきっちょ","1","ぼんちゃぁん","2"
"みっちゃんこみゅ1週間大喜利シーズン３【誰でも参加歓迎】",7,"ちゃんこフォンデュ","妻が定期的に修行と言って出かけるのですが、なんの修行をしてるんですか？",40,"さきっちょ","ブルース・リーになりたい、
だってブルース・リーが、大大大、大ちゅきだからあああ！！",6,,"SSP","0","黄泉入りテレビ","1","さくぼう","1","みなぁも","1","お客さん","1","空タイ","1","廻屋歩武","1"
"みっちゃんこみゅ1週間大喜利シーズン３【誰でも参加歓迎】",7,"ちゃんこフォンデュ","妻が定期的に修行と言って出かけるのですが、なんの修行をしてるんですか？",41,"ばぶ","気のコントロール",6,,"梅雨にいるタイプの甘味成分","1","黄泉入りテレビ","1","レキシ","1","うーちゃん＠狼","1","ホーミング","1","バリー","1"
"みっちゃんこみゅ1週間大喜利シーズン３【誰でも参加歓迎】",7,"ちゃんこフォンデュ","妻が定期的に修行と言って出かけるのですが、なんの修行をしてるんですか？",42,"希望のネコ丸","103万の壁、突破方法",6,,"黄泉入りテレビ","1","マッチョッチョ","0","池谷","1","うーちゃん＠狼","0","鹿","4"
"みっちゃんこみゅ1週間大喜利シーズン３【誰でも参加歓迎】",7,"ちゃんこフォンデュ","妻が定期的に修行と言って出かけるのですが、なんの修行をしてるんですか？",43,"梅雨にいるタイプの甘味成分","尻拭き",5,,"松田栄作","0","みっこりん♪","1","へは゜","0","ちゃんこフォンデュ","0","僕とあなたで作る世界","1","ヨット丘","1","坊っちゃん","1","レキシ","1"
"みっちゃんこみゅ1週間大喜利シーズン３【誰でも参加歓迎】",7,"ちゃんこフォンデュ","妻が定期的に修行と言って出かけるのですが、なんの修行をしてるんですか？",44,"ぽこちんすまっしゅ","流しそうめんの流すがわ",5,,"人さらい","1","松田栄作","0","まお","0","田中一","1","へは゜","1","片田舎のゴリラ","1","ばぶ","1","さくぼう","0","うーちゃん＠狼","0"
"みっちゃんこみゅ1週間大喜利シーズン３【誰でも参加歓迎】",7,"ちゃんこフォンデュ","妻が定期的に修行と言って出かけるのですが、なんの修行をしてるんですか？",45,"僕とあなたで作る世界","大阪弁",5,,"ぽこちんすまっしゅ","1","SSP","1","示","1","お客さん","0","坊っちゃん","1","きとくん","1"
"みっちゃんこみゅ1週間大喜利シーズン３【誰でも参加歓迎】",7,"ちゃんこフォンデュ","妻が定期的に修行と言って出かけるのですが、なんの修行をしてるんですか？",46,"田中一","うちにはトングが多すぎる
菜箸を極めればトング捨ててもいいのでは？",5,,"床屋","1","お客様と呼べ","0","さくぼう","1","きとくん","1","スカイハイ","1","ガゾーサ","1"
"みっちゃんこみゅ1週間大喜利シーズン３【誰でも参加歓迎】",7,"ちゃんこフォンデュ","妻が定期的に修行と言って出かけるのですが、なんの修行をしてるんですか？",47,"ホーミング","きれいにシールをはがす",5,,"パンケーキ大好き（*＾o＾*）","1","SSP","1","松田栄作","0","うーちゃん＠狼","1","池谷","0","バリー","1","白黒くま","1"
"みっちゃんこみゅ1週間大喜利シーズン３【誰でも参加歓迎】",7,"ちゃんこフォンデュ","妻が定期的に修行と言って出かけるのですが、なんの修行をしてるんですか？",48,"床屋","槇原敬之を一瞬でのりゆきって読めるようにする",5,,"ちゃんこフォンデュ","0","さくぼう","0","まぐろ","0","へは゜","1","僕とあなたで作る世界","1","ヨット丘","1","ガゾーサ","1","たんけだ","1"
"みっちゃんこみゅ1週間大喜利シーズン３【誰でも参加歓迎】",7,"ちゃんこフォンデュ","妻が定期的に修行と言って出かけるのですが、なんの修行をしてるんですか？",49,"鹿","ぺ・ヨンジュンはムキムキの女が大好き
ムキムキの女になるための修行",4,,"床屋","1","SSP","0","✨( ͡° ͜ʖ ͡°)","0","さくぼう","1","きとくん","1","うた","1","ff","0"
"みっちゃんこみゅ1週間大喜利シーズン３【誰でも参加歓迎】",7,"ちゃんこフォンデュ","妻が定期的に修行と言って出かけるのですが、なんの修行をしてるんですか？",50,"きとくん","話題のアニメを1話見て、先の展開をWikipediaで調べたくなるが、我慢する修行",4,,"ぽこちんすまっしゅ","1","SSP","0","黄泉入りテレビ","1","示","1","さくぼう","1","ベンチウォーマー","0"
"みっちゃんこみゅ1週間大喜利シーズン３【誰でも参加歓迎】",7,"ちゃんこフォンデュ","妻が定期的に修行と言って出かけるのですが、なんの修行をしてるんですか？",51,"✨( ͡° ͜ʖ ͡°)","ゲスト解答者「しゅぎょぎょ！？（修行！？）」",4,,"まぐろ","0","うーちゃん＠狼","0","エメラルドの天ぷら","2","ハンペ","2"
"みっちゃんこみゅ1週間大喜利シーズン３【誰でも参加歓迎】",7,"ちゃんこフォンデュ","妻が定期的に修行と言って出かけるのですが、なんの修行をしてるんですか？",52,"ぴぅーぴぅーボンバー","夜中の閉店したデパートの前で　
頭で回るブレイクダンスの練習",4,,"パンケーキ大好き（*＾o＾*）","1","いちばち","2","へは゜","0","ぶいあーる","1"
"みっちゃんこみゅ1週間大喜利シーズン３【誰でも参加歓迎】",7,"ちゃんこフォンデュ","妻が定期的に修行と言って出かけるのですが、なんの修行をしてるんですか？",53,"コナイチロー","一日一万回、感謝の正拳突き。",4,,"SSP","0","さくぼう","0","白黒くま","2","廻屋歩武","2"
"みっちゃんこみゅ1週間大喜利シーズン３【誰でも参加歓迎】",7,"ちゃんこフォンデュ","妻が定期的に修行と言って出かけるのですが、なんの修行をしてるんですか？",54,"フレイヤダッシュ","バーゲンセールの乱闘の修行",4,,"SSP","1","お客様と呼べ","1","お客さん","1","さきっちょ","1"
"みっちゃんこみゅ1週間大喜利シーズン３【誰でも参加歓迎】",7,"ちゃんこフォンデュ","妻が定期的に修行と言って出かけるのですが、なんの修行をしてるんですか？",55,"KYNA","軽い気持ちで応募したゴッタレに呼ばれたので「安心してください、はいてますよ☆主婦バージョン」のポージング",3,,"みなぁも","1","さくぼう","0","ぶいあーる","1","ハンペ","1"
"みっちゃんこみゅ1週間大喜利シーズン３【誰でも参加歓迎】",7,"ちゃんこフォンデュ","妻が定期的に修行と言って出かけるのですが、なんの修行をしてるんですか？",56,"うーちゃん＠狼","義母奴撲殺戯術",3,,"ライト","1","松田栄作","0","お客様と呼べ","2"
"みっちゃんこみゅ1週間大喜利シーズン３【誰でも参加歓迎】",7,"ちゃんこフォンデュ","妻が定期的に修行と言って出かけるのですが、なんの修行をしてるんですか？",57,"お客様と呼べ","納豆菌の育て方",3,,"ちゃんこフォンデュ","0","梅雨にいるタイプの甘味成分","1","僕とあなたで作る世界","1","ff","1"
"みっちゃんこみゅ1週間大喜利シーズン３【誰でも参加歓迎】",7,"ちゃんこフォンデュ","妻が定期的に修行と言って出かけるのですが、なんの修行をしてるんですか？",58,"麻原しょこたん","水中クンバカ",3,,"✨( ͡° ͜ʖ ͡°)","0","マッチョッチョ","1","みっこりん♪","1","ff","1"
"みっちゃんこみゅ1週間大喜利シーズン３【誰でも参加歓迎】",7,"ちゃんこフォンデュ","妻が定期的に修行と言って出かけるのですが、なんの修行をしてるんですか？",59,"いちばち","UFOを呼ぶ修行…",3,,"松田栄作","1","エメラルドの天ぷら","2"
"みっちゃんこみゅ1週間大喜利シーズン３【誰でも参加歓迎】",7,"ちゃんこフォンデュ","妻が定期的に修行と言って出かけるのですが、なんの修行をしてるんですか？",60,"みなぁも","ルー大柴のモノマネ講座行ってるの。
ねぇ、あなたも私と「トゥギャザーしようよ！」",2,,"ちゃんこフォンデュ","0","✨( ͡° ͜ʖ ͡°)","0","池谷","0","さくぼう","1","三つ巴","1"
"みっちゃんこみゅ1週間大喜利シーズン３【誰でも参加歓迎】",7,"ちゃんこフォンデュ","妻が定期的に修行と言って出かけるのですが、なんの修行をしてるんですか？",61,"松田栄作","禅",2,,"SSP","0","黄泉入りテレビ","1","マッチョッチョ","0","まお","1","池谷","0","お客さん","0"
"みっちゃんこみゅ1週間大喜利シーズン３【誰でも参加歓迎】",7,"ちゃんこフォンデュ","妻が定期的に修行と言って出かけるのですが、なんの修行をしてるんですか？",62,"ねこたろ","「うまれて！ウーモ」から産まれる",2,,"ちゃんこフォンデュ","0","さくぼう","0","まぐろ","1","ゆきんこ☆","0","片田舎のゴリラ","1","うーちゃん＠狼","0"
"みっちゃんこみゅ1週間大喜利シーズン３【誰でも参加歓迎】",7,"ちゃんこフォンデュ","妻が定期的に修行と言って出かけるのですが、なんの修行をしてるんですか？",63,"さくぼう","ボケの特訓
〜憧れの大喜利マスターに絶対なってやる〜",1,,"廻屋歩武","1","ff","0","ベンチウォーマー","0"
"みっちゃんこみゅ1週間大喜利シーズン３【誰でも参加歓迎】",7,"ちゃんこフォンデュ","妻が定期的に修行と言って出かけるのですが、なんの修行をしてるんですか？",64,"空タイ","霊能の凄い人から「南無セット」を購入する",1,,"ちゃんこフォンデュ","0","さくぼう","0","いりぽん","0","うーちゃん＠狼","0","スカイハイ","1"
"みっちゃんこみゅ1週間大喜利シーズン３【誰でも参加歓迎】",7,"ちゃんこフォンデュ","妻が定期的に修行と言って出かけるのですが、なんの修行をしてるんですか？",65,"睡眠不足","Hey　Hey　Hey　時には起こせよムーヴメント",1,,"SSP","0","廻屋歩武","1"
"みっちゃんこみゅ1週間大喜利シーズン３【誰でも参加歓迎】",7,"ちゃんこフォンデュ","妻が定期的に修行と言って出かけるのですが、なんの修行をしてるんですか？",66,"くぼたけ","お隣の家の『一生愚痴を言ってくるうざオバハン』 に回覧板をスムーズに渡す修行。　彼女の愚痴を一切聞かず、ただひたすら『はい、どうぞ』だけで乗り切る精神的強さを養っている。",1,,"✨( ͡° ͜ʖ ͡°)","1"
"みっちゃんこみゅ1週間大喜利シーズン３【誰でも参加歓迎】",7,"ちゃんこフォンデュ","妻が定期的に修行と言って出かけるのですが、なんの修行をしてるんですか？",67,"ナルト","遠くに宇宙船乗って行った妻",1,,"ちゃんこフォンデュ","0","坊っちゃん","1"
"みっちゃんこみゅ1週間大喜利シーズン３【誰でも参加歓迎】",7,"ちゃんこフォンデュ","妻が定期的に修行と言って出かけるのですが、なんの修行をしてるんですか？",68,"池谷の母","ずばり！お笑い漫画道場でじょう",1,,"SSP","0","✨( ͡° ͜ʖ ͡°)","0","三つ巴","1"
"みっちゃんこみゅ1週間大喜利シーズン３【誰でも参加歓迎】",8,"ちゃんこフォンデュ","出演者が全てAIの番組「笑ってAIとも！」で起こった放送事故"